Rk,YEAR,Player,POS,Debut,Age,Yrs,G,MP,FG,FGA,3P,3PA,FT,FTA,ORB,TRB,AST,STL,BLK,TOV,PF,PTS,ID,Height,Weight,Wingspan,Standing Reach,HANDL,HANDW,Standing Vertical,Leaping Vertical,LANE,SHUTTLE,SPRINT,BENCH,BAR,PAN,PBHGT,PDHGT
42,2021,Aaron Henry,SF,Oct 20 '21 PHI @ NOP,22,1,6,2.83,0.17,0.83,0.00,0.17,0.00,0.00,0.00,0.17,0.00,0.00,0.33,0.33,0.33,0.33,henryaa01,76.5,209.6,82.75,103.5,8.5,9.3,29,35,11.68,3.18,3.07,NA,108.20%,78.6,132.5,138.5
51,2023,Aaron Holiday,PG,Oct 17 '18 IND vs. MEM,22,1,50,12.92,2.10,5.24,0.86,2.54,0.82,1.00,0.10,1.34,1.74,0.42,0.26,0.80,1.42,5.88,holidaa01,71.75,187,79.5,97,8.75,8.5,25.5,33,10.96,3.22,3.27,NA,110.80%,74.4,122.5,130
119,2019,Aaron Wiggins,SG-SF,Nov 14 '21 OKC vs. BRK,23,1,50,24.18,3.12,6.74,0.84,2.76,1.24,1.70,1.02,3.56,1.36,0.60,0.20,1.08,1.86,8.32,wiggiaa01,76.5,190,81.75,103,8.75,8.5,29.5,36,11.2,3,3.04,NA,106.90%,74.4,132.5,139
25,2024,Adam Flagler,PG,Feb 23 '24 OKC vs. WAS,24,1,2,7.00,0.50,3.50,0.50,3.00,0.00,0.00,0.00,0.00,2.00,0.00,0.00,0.00,0.00,1.50,flaglad01,73,191.8,76.5,97,8,9.3,31,36,10.96,NA,3,NA,104.80%,74,128,133
76,2021,Adama Sanogo,C,Dec 28 '23 CHI vs. IND,21,1,9,7.33,1.56,3.00,0.00,0.00,0.89,1.33,2.11,4.00,0.00,0.11,0.00,0.56,0.56,4.00,sanogad01,79.3,257.8,86.8,108.5,9.75,10,28.5,31,11.5,NA,3.31,NA,109.50%,97.5,137,139.5
6,2024,Adem Bona,C,Oct 23 '24 PHI vs. MIL,21,1,58,15.60,2.33,3.31,0.00,0.02,1.16,1.72,1.59,4.22,0.47,0.45,1.19,1.05,2.16,5.81,bonaad01,80.3,243.2,87.8,108,10,10,35,40,11,3,3,NA,109.30%,95,143,148
47,2018,AJ Johnson,SG,Oct 23 '24 MIL @ PHI,20,1,29,22.03,2.83,7.34,0.83,3.10,1.10,1.28,0.28,2.03,2.62,0.41,0.10,1.21,1.72,7.59,johnsaj01,76.3,167,80.5,102,8.5,8.5,29,38,10.76,2.87,3.15,NA,105.60%,72.3,131,140
67,2022,Ajay Mitchell,PG,Oct 24 '24 OKC @ DEN,22,1,36,16.58,2.53,5.11,0.64,1.67,0.81,0.97,0.50,1.89,1.78,0.69,0.11,0.81,1.89,6.50,mitchaj01,75.3,197,78.3,101,8.5,8.5,28,33.5,11.12,2.95,3.11,NA,104.00%,72.3,129,134.5
81,2018,Alex Sarr,C,Oct 24 '24 WAS vs. BOS,19,1,67,27.07,4.87,12.36,1.57,5.09,1.67,2.46,1.85,6.49,2.40,0.66,1.51,1.70,2.18,12.97,sarral01,83.8,224.2,88.3,110,9,10,30.5,37,11.43,3.23,3.27,NA,105.40%,90,140.5,147
58,2023,Alize Johnson,PF,Oct 19 '18 IND @ MIL,22,1,14,4.57,0.29,1.14,0.07,0.14,0.29,0.57,0.29,1.36,0.07,0.07,0.21,0.00,0.50,0.93,johnsal02,79.25,216.6,80.75,103,8.5,9.8,25,31,11.83,3.28,3.38,8,101.90%,82.9,128,134
94,2024,Allonzo Trier,SG,Oct 17 '18 NYK vs. ATL,23,1,64,22.80,3.63,8.09,0.81,2.06,2.80,3.48,0.48,3.08,1.86,0.44,0.22,1.81,1.83,10.86,trieral01,75.75,198,78.75,98,8.25,10.5,32,40,11.02,2.97,3.14,11,104.00%,86.6,130,138
79,2020,Alondes Williams,SG,Dec 10 '22 BRK @ IND,23,1,1,5.00,0.00,0.00,0.00,0.00,0.00,0.00,0.00,1.00,0.00,0.00,0.00,2.00,1.00,0.00,willial06,75.75,209,79,102,8.5,9.3,30,35.5,10.96,3.11,3.15,NA,104.30%,78.6,132,137.5
3,2021,Amari Bailey,SG,Nov 12 '23 CHO @ NYK,19,1,10,6.50,0.80,2.40,0.10,0.80,0.60,0.70,0.60,0.90,0.70,0.30,0.00,0.40,0.20,2.30,baileam01,75.3,190.8,79,103.5,8,9.3,28.5,35,11,NA,3.19,NA,105.00%,74,132,138.5
43,2023,Andre Jackson Jr.,SF,Oct 29 '23 MIL vs. ATL,22,1,57,10.04,0.88,1.75,0.30,0.81,0.14,0.19,0.75,1.98,0.88,0.28,0.11,0.49,1.61,2.19,jacksan01,77.5,198.4,81.8,103,8.25,9.5,31,40,10.83,NA,3,NA,105.50%,78.4,134,143
58,2018,Andrew Nembhard,PG,Oct 21 '22 IND vs. SAS,23,1,75,27.64,3.79,8.59,1.23,3.51,0.65,0.83,0.47,2.65,4.55,0.93,0.17,1.68,2.39,9.45,nembhan01,75,195.6,77.75,99,8,9.5,26.5,35,10.46,3.02,3.26,NA,103.70%,76,125.5,134
86,2022,Anfernee Simons,SG-PG,Oct 30 '18 POR @ HOU,19,1,20,7.05,1.40,3.15,0.50,1.45,0.45,0.80,0.15,0.65,0.65,0.05,0.00,0.55,0.45,3.75,simonan01,74.25,183.2,81.25,99.5,8.75,9,32,41.5,11.27,3.16,3.1,1,109.40%,78.8,131.5,141
7,2023,Anthony Black,PG,Oct 25 '23 ORL vs. HOU,20,1,69,16.87,1.67,3.58,0.54,1.36,0.71,1.16,0.48,2.01,1.32,0.51,0.30,0.81,1.59,4.58,blackan01,77.8,210,79.5,102.5,8.25,9.5,32,39,11,NA,3,NA,102.30%,78.4,134.5,141.5
76,2019,Antonio Reeves,SG,Oct 23 '24 NOP vs. CHI,24,1,44,15.00,2.57,5.64,1.16,2.93,0.64,0.80,0.41,1.43,0.89,0.48,0.09,0.68,0.91,6.93,reevean01,76.5,186.6,80.3,100.5,9,10,29,36,11.44,3.16,3.14,NA,104.90%,90,129.5,136.5
30,2018,Ashton Hagans,PG,Jan 25 '21 MIN @ GSW,21,1,2,2.00,0.00,0.00,0.00,0.00,0.00,0.00,0.00,0.00,0.00,0.00,0.00,0.50,0.00,0.00,haganas01,73.5,193,80,99.5,9,9,29.5,36.5,10.82,2.5,3.13,NA,108.80%,81,129,136
90,2024,Austin Reaves,SG,Oct 22 '21 LAL vs. PHO,23,1,61,23.25,2.39,5.21,0.87,2.74,1.62,1.93,0.74,3.16,1.80,0.48,0.33,0.66,1.43,7.28,reaveau01,76.5,197.2,78.25,101,8,8.3,25,35,10.94,3.19,3.07,NA,102.30%,66,126,136
24,2023,Ayo Dosunmu,SG,Oct 20 '21 CHI @ DET,22,1,77,27.40,3.61,6.95,0.91,2.42,0.69,1.01,0.35,2.78,3.32,0.78,0.38,1.40,2.36,8.82,dosunay01,75.5,194.4,82.25,102,8.5,8.8,27,33.5,11.51,3.27,3.23,NA,108.90%,74.4,129,135.5
82,2021,Baylor Scheierman,SF,Oct 24 '24 BOS @ WAS,24,1,31,12.39,1.26,3.55,0.84,2.65,0.29,0.39,0.61,2.10,1.06,0.55,0.06,0.39,0.71,3.65,scheiba01,78.3,201.6,80.3,102.5,9.25,9.8,27.5,32,10.89,2.94,3.09,NA,102.60%,90.2,130,134.5
80,2024,Ben Sheppard,SG,Oct 25 '23 IND vs. WAS,22,1,57,14.28,1.58,4.02,0.86,2.74,0.40,0.46,0.26,1.56,0.93,0.58,0.04,0.26,1.54,4.42,sheppbe01,77.3,194.6,79.8,100,8.5,9.5,29.5,35.5,10.88,2.98,3.17,NA,103.20%,80.8,129.5,135.5
77,2021,Blake Wesley,SG,Oct 28 '22 SAS vs. CHI,19,1,37,18.08,1.86,5.81,0.54,1.41,0.70,1.19,0.32,2.19,2.65,0.68,0.14,1.76,1.81,4.97,weslebl01,75,187.2,81.25,103,8.25,9,30,36,11.55,3.25,3.21,NA,108.30%,74.3,133,139
54,2019,Bobi Klintman,PF,Jan 8 '25 DET @ BRK,21,1,8,5.25,0.75,1.25,0.25,0.63,0.13,0.25,0.13,0.88,0.88,0.25,0.13,0.13,1.00,1.88,klintbo01,80.8,212.2,83,106.5,8.75,10,26.5,32.5,11.49,3.21,3.23,NA,102.80%,87.5,133,139
70,2019,Brandin Podziemski,SG,Oct 30 '23 GSW @ NOP,20,1,74,26.59,3.66,8.07,1.22,3.16,0.68,1.07,1.59,5.77,3.69,0.82,0.19,1.19,1.65,9.22,podzibr01,75.8,203.8,77.5,96.5,8.25,10,31.5,39,11.16,3.2,3.21,NA,102.30%,82.5,128,135.5
45,2019,Bronny James,SG,Oct 22 '24 LAL vs. MIN,20,1,27,6.70,0.78,2.48,0.33,1.19,0.41,0.52,0.15,0.67,0.81,0.33,0.11,0.48,0.48,2.30,jamesbr02,73.5,210.4,79.3,98.5,8.5,9.5,32,40.5,10.96,3.02,3.09,NA,107.80%,80.8,130.5,139
19,2023,Bruce Brown,SG-PG,Oct 17 '18 DET vs. BRK,22,1,74,19.58,1.69,4.24,0.32,1.26,0.61,0.81,0.65,2.50,1.23,0.54,0.49,0.62,2.41,4.31,brownbr01,75.5,194.6,81,98.5,8.5,8.5,32.5,38,11.11,3.44,3.2,17,107.30%,72.3,131,136.5
51,2024,Bryce McGowens,SG,Oct 19 '22 CHO @ SAS,20,1,46,17.11,1.74,4.39,0.57,1.74,1.30,1.74,0.43,2.02,1.17,0.33,0.13,0.93,1.04,5.35,mcgowbr01,77.25,181.2,80.75,103.5,8.75,9.5,29.5,34,11.12,3.16,3.27,NA,104.50%,83.1,133,137.5
15,2021,Cam Christie,SG,Dec 4 '24 LAC vs. MIN,19,1,13,4.54,0.54,1.85,0.15,1.00,0.15,0.31,0.23,0.92,0.46,0.38,0.08,0.15,0.31,1.38,chrisca02,76.5,190.4,80,101.5,8,8,33,36,11.07,3,3,NA,104.60%,64,134.5,137.5
90,2018,Cam Spencer,SG,Nov 20 '24 MEM vs. PHI,24,1,25,10.08,1.36,3.28,0.76,2.08,0.76,0.76,0.48,1.20,1.36,0.36,0.04,0.24,0.92,4.24,spencca01,75,201.8,77,98.5,8.5,9.8,23,30.5,11.07,3,3.35,NA,102.70%,82.9,121.5,129
98,2022,Cam Whitmore,SF,Oct 25 '23 HOU @ ORL,19,1,47,18.72,4.51,9.94,1.68,4.68,1.62,2.38,0.94,3.83,0.70,0.64,0.36,0.98,1.36,12.32,whitmca01,77.8,235,80.5,103.5,8,8.3,31.5,40.5,10.82,3.33,3.2,NA,103.50%,66,135,144
52,2019,Carlik Jones,PG,Dec 23 '21 DAL vs. MIL,24,1,5,4.60,0.20,1.80,0.00,0.20,0.40,0.40,0.20,0.60,1.00,0.20,0.00,0.60,0.00,0.80,jonesca03,72,173.6,77,97.5,8.25,9,31.5,36,10.96,3.23,3.16,NA,106.90%,74.3,129,133.5
95,2024,Cason Wallace,PG,Oct 25 '23 OKC @ CHI,20,1,82,20.63,2.65,5.39,1.20,2.85,0.35,0.45,0.63,2.28,1.46,0.93,0.45,0.55,1.57,6.84,wallaca01,74.5,195.2,80.5,101,8.5,9.3,28,36,10.82,NA,3.34,NA,108.10%,78.6,129,137
79,2023,Cassius Stanley,SG,Dec 26 '20 IND @ CHI,21,1,24,3.88,0.54,1.79,0.13,0.54,0.29,0.38,0.33,0.83,0.04,0.04,0.08,0.04,0.58,1.50,stanlca01,77,201.6,79,99.5,8.25,9,34.5,44,11.4,2.43,3.09,NA,102.60%,74.3,134,143.5
92,2021,Cassius Winston,PG,Jan 11 '21 WAS vs. PHO,22,1,22,4.45,0.64,1.50,0.36,0.77,0.23,0.27,0.00,0.41,0.55,0.09,0.05,0.23,0.36,1.86,winstca01,72.5,196,78,97,8.75,8.3,24,28,11.15,2.74,3.61,NA,107.60%,72.2,121,125
8,2021,Charles Bassey,C,Oct 20 '21 PHI @ NOP,21,1,23,7.30,1.30,2.04,0.00,0.17,0.39,0.52,0.96,2.70,0.30,0.22,0.74,0.35,1.39,3.00,bassech01,81.25,230.2,87,107.5,9,9.5,33,36,12.19,3.33,3.13,NA,107.10%,85.5,140.5,143.5
71,2020,Chimezie Metu,PF-C,Oct 20 '18 SAS @ POR,21,1,29,5.00,0.66,2.00,0.00,0.07,0.45,0.59,0.31,1.24,0.45,0.21,0.07,0.52,0.48,1.76,metuch01,80.5,219.6,84.5,108,9,9.3,29.5,36,11.89,3.25,3.33,5,105.00%,83.3,137.5,144
53,2018,Chris Livingston,SF,Nov 1 '23 MIL @ TOR,20,1,21,4.29,0.52,1.05,0.05,0.24,0.14,0.19,0.14,1.00,0.24,0.10,0.00,0.24,0.71,1.24,livinch01,78,219.2,83.3,104.5,8.5,9,30.5,37,11.65,NA,3.27,NA,106.70%,76.5,135,141.5
9,2018,Christian Braun,SG,Oct 19 '22 DEN @ UTA,21,1,76,15.54,1.88,3.80,0.45,1.26,0.53,0.84,0.63,2.38,0.78,0.54,0.22,0.46,1.33,4.74,braunch01,77.5,209.2,78.5,99.5,8,8.5,33.5,40,11,3.13,3.16,NA,101.30%,68,133,139.5
45,2023,Christian Koloko,C,Oct 19 '22 TOR vs. CLE,22,1,58,13.83,1.24,2.59,0.02,0.21,0.64,1.02,1.45,2.95,0.53,0.36,0.98,0.34,2.21,3.14,kolokch01,82.75,221,89.25,113,9,10.8,28,33.5,11.3,3.19,3.27,NA,107.90%,96.8,141,146.5
22,2020,CJ Elleby,SG-SF,Dec 23 '20 POR vs. UTA,20,1,30,6.40,0.83,2.20,0.23,1.13,0.37,0.50,0.37,1.07,0.33,0.20,0.10,0.17,0.90,2.27,ellebcj01,77.5,198.6,79.25,100.5,8.75,10,30.5,36.5,11.25,2.63,3.25,NA,102.30%,87.5,131,137
103,2019,Cody Williams,SF,Oct 23 '24 UTA vs. MEM,20,1,50,21.20,1.66,5.14,0.70,2.70,0.58,0.80,0.54,2.26,1.18,0.46,0.32,0.88,1.90,4.60,willico04,78.5,178.4,85,103,8.25,9,31,35.5,11.17,2.93,3.06,NA,108.30%,74.3,134,138.5
49,2018,Colby Jones,SG,Oct 25 '23 SAC @ UTA,21,1,30,6.40,0.93,2.37,0.07,0.73,0.20,0.37,0.57,1.33,0.67,0.23,0.17,0.33,0.97,2.13,jonesco02,76.5,199.2,80,103,8.25,8.5,30.5,35,11.14,3.13,3.33,NA,104.60%,70.1,133.5,138
32,2021,Collin Gillespie,PG,Oct 24 '23 DEN vs. LAL,24,1,24,9.38,1.33,2.88,0.63,1.58,0.33,0.50,0.04,0.88,1.13,0.54,0.00,0.58,1.00,3.63,gilleco01,73.5,195.8,76,98,8.25,9,26.5,33,10.95,3.01,3.21,NA,103.40%,74.3,124.5,131
57,2020,Corey Kispert,SF,Oct 22 '21 WAS vs. IND,22,1,77,23.39,3.04,6.68,1.45,4.16,0.70,0.81,0.69,2.71,1.10,0.45,0.29,0.65,1.21,8.23,kispeco01,78,223.8,79,102,8.75,10,30,37.5,10.91,2.99,3.12,NA,101.30%,87.5,132,139.5
78,2021,Daishen Nix,PG,Nov 29 '21 HOU vs. OKC,19,1,24,10.88,1.13,2.79,0.29,1.08,0.67,1.25,0.29,1.38,1.67,0.63,0.00,1.08,0.88,3.21,nixda01,75,225.6,78.75,100,8.5,9,29.5,36.5,11.72,3.18,3,NA,105.00%,76.5,129.5,136.5
55,2022,Dalton Knecht,SF,Oct 22 '24 LAL vs. MIN,23,1,78,19.15,3.29,7.14,1.64,4.36,0.82,1.08,0.47,2.77,0.85,0.31,0.10,0.47,1.19,9.05,knechda01,77.3,212.2,81,103.5,8.5,9.5,31,39,10.56,2.79,3.07,NA,104.90%,80.8,134.5,142.5
27,2020,David Duke Jr.,SG,Dec 8 '21 BRK @ HOU,22,1,22,15.50,1.77,4.91,0.41,1.68,0.77,0.95,1.36,3.05,0.77,0.64,0.32,0.41,1.64,4.73,dukeda01,76.25,203.6,80.75,102.5,8.5,9,30,39,11.21,3.19,3.08,NA,105.90%,76.5,132.5,141.5
49,2019,David Johnson,SG,Oct 27 '21 TOR vs. IND,20,1,2,1.00,0.00,0.50,0.00,0.50,0.00,0.00,0.00,0.00,0.00,0.00,0.00,0.00,0.00,0.00,johnsda08,75.25,202.8,82.5,104,8.25,8.5,33,39,12.02,3.2,3.03,NA,109.60%,70.1,137,143
64,2023,David Roddy,PF,Oct 19 '22 MEM vs. NYK,21,1,70,17.97,2.57,6.00,0.93,3.03,0.59,0.93,0.71,2.76,0.84,0.41,0.27,0.81,1.53,6.66,roddyda01,76.5,260.8,83.5,105,8.75,10,27,35.5,10.75,3.1,3.22,NA,109.20%,87.5,132,140.5
70,2019,De'Anthony Melton,SG-PG,Oct 22 '18 PHO @ GSW,20,1,50,19.68,2.00,5.12,0.58,1.90,0.42,0.56,0.50,2.68,3.18,1.36,0.46,1.50,2.26,5.00,meltode01,74.25,193.2,80.5,99.5,8.5,9.5,31,36.5,11.48,3.33,3.23,1,108.40%,80.8,130.5,136
66,2018,Dereon Seabron,SG,Oct 28 '22 NOP @ PHO,22,1,5,2.40,0.40,1.00,0.00,0.00,0.00,0.00,0.20,0.20,0.00,0.00,0.00,0.00,0.20,0.80,seabrde01,76.75,182.4,80.75,103.5,8.5,9.5,30.5,38,11.03,3.04,3.12,NA,105.20%,80.8,134,141.5
12,2020,Devin Carter,SG,Jan 3 '25 SAC vs. MEM,22,1,36,11.00,1.31,3.53,0.50,1.69,0.72,1.22,0.53,2.11,1.14,0.58,0.11,0.50,1.08,3.83,cartede02,74.3,193,80.8,98,9,9,35,42,10.63,3,3,NA,108.80%,78.8,133,140
20,2023,Devon Dotson,PG,Jan 1 '21 CHI @ MIL,21,1,11,4.55,1.00,1.91,0.09,0.64,0.00,0.00,0.18,0.45,0.64,0.36,0.00,0.00,0.27,2.09,dotsode01,72.5,185.2,75,95,8.25,10,31.5,40.5,10.44,2.22,3.02,NA,103.40%,82.5,126.5,135.5
46,2019,Devonte' Graham,PG,Oct 22 '18 CHO @ TOR,23,1,46,14.70,1.61,4.70,0.74,2.63,0.76,1.00,0.22,1.37,2.63,0.50,0.04,0.65,1.04,4.72,grahade01,72.25,186.4,78.25,96,8.5,9.5,31,37,11.28,3.15,3.21,14,108.30%,80.8,127,133
49,2024,Dillon Jones,SF,Oct 24 '24 OKC @ DEN,23,1,54,10.22,0.94,2.46,0.30,1.17,0.31,0.52,0.56,2.24,1.07,0.30,0.07,0.52,1.00,2.50,jonesdi01,76.5,236.8,83,100.5,9,9.3,26.5,33.5,11.08,2.82,3.25,NA,108.50%,83.3,127,134
4,2022,Dominick Barlow,PF,Nov 2 '22 SAS vs. TOR,19,1,28,14.57,1.64,3.07,0.00,0.14,0.64,0.89,1.64,3.64,0.86,0.36,0.68,0.54,2.00,3.93,barlodo01,80.75,221,87,108.5,9,10.5,28.5,34,11.29,3.19,3.33,NA,107.70%,94.5,137,142.5
17,2021,Donovan Clingan,C,Oct 23 '24 POR vs. GSW,20,1,67,19.76,2.69,4.99,0.21,0.73,0.93,1.55,3.24,7.87,1.15,0.51,1.64,1.07,2.82,6.51,clingdo01,85.8,282,90.8,115,10,10,26,29,12.06,3,3,NA,105.80%,102.5,141,144
35,2018,Donte DiVincenzo,SG,Oct 17 '18 MIL @ CHO,22,1,27,15.22,1.85,4.59,0.81,3.07,0.33,0.44,0.59,2.41,1.15,0.48,0.22,0.70,1.41,4.85,divindo01,75.5,200.6,78,97.5,8.25,9,34.5,42,10.72,3.12,3.11,12,103.30%,74.3,132,139.5
92,2024,Drew Timme,C,Mar 28 '25 BRK vs. LAC,24,1,9,28.22,5.00,11.33,1.00,3.89,1.11,1.78,1.89,7.22,2.22,0.44,0.11,1.67,2.33,12.11,timmedr01,80.8,243.2,85.8,108.5,9,10,26,30.5,10.93,NA,3.34,NA,106.20%,90,134.5,139
115,2024,Duane Washington Jr.,SG,Oct 29 '21 IND @ BRK,21,1,48,20.17,3.60,8.90,1.69,4.48,0.96,1.27,0.08,1.73,1.77,0.54,0.06,1.19,1.38,9.85,washidu02,74.25,196.8,79.75,101,8.25,8.8,29.5,35.5,11.5,3.06,3.17,NA,107.40%,72.2,130.5,136.5
91,2019,Dylan Windler,SF,Dec 23 '20 CLE vs. CHO,24,1,31,16.55,1.84,4.19,0.84,2.48,0.68,0.87,0.65,3.45,1.06,0.61,0.39,1.03,1.19,5.19,windldy01,78.25,195.8,82,104.5,8.25,9.5,29,37.5,10.7,2.94,3.3,8,104.80%,78.4,133.5,142
18,2023,Dyson Daniels,SG,Oct 19 '22 NOP @ BRK,19,1,59,17.66,1.47,3.53,0.46,1.46,0.44,0.68,0.61,3.19,2.27,0.73,0.19,0.97,1.68,3.85,daniedy01,78,195.2,82.5,105,8.5,9.8,29,34,10.81,2.81,3.22,NA,105.80%,82.9,134,139
51,2018,E.J. Liddell,PF,Oct 28 '23 NOP vs. NYK,23,1,8,2.88,0.13,0.75,0.00,0.63,0.25,0.25,0.00,0.63,0.13,0.25,0.25,0.25,0.25,0.50,liddeej01,77.5,243,83.75,103.5,8.25,9.3,35.5,38,11.11,3.23,3.26,NA,108.10%,76.3,139,141.5
4,2023,Emoni Bates,SF,Oct 28 '23 CLE vs. IND,20,1,15,8.87,1.00,3.27,0.67,2.20,0.07,0.27,0.07,0.93,0.67,0.07,0.13,0.53,0.33,2.73,batesem01,80.3,179.2,81,105,8,8.3,27,33,12,NA,3,NA,100.90%,66,132,138
35,2021,Enrique Freeman,PF,Oct 23 '24 IND @ DET,24,1,22,8.23,0.73,1.68,0.05,0.45,0.59,0.86,0.50,1.36,0.41,0.14,0.14,0.27,0.95,2.09,freemen01,79.3,212,86,108,9,10,31,35,10.99,3,3,NA,108.50%,87.5,139,143
93,2020,Gary Trent Jr.,SG,Nov 4 '18 POR vs. MIN,20,1,15,7.40,1.07,3.33,0.33,1.40,0.20,0.47,0.07,0.73,0.33,0.07,0.13,0.27,0.27,2.67,trentga02,76.25,204.2,80.75,98,8.5,9.5,33.5,39.5,11.37,2.99,3.12,12,105.90%,80.8,131.5,137.5
61,2021,George King,SF-SG,Dec 11 '18 PHO @ SAS,25,1,1,6.00,0.00,0.00,0.00,0.00,0.00,0.00,0.00,1.00,0.00,0.00,0.00,0.00,0.00,0.00,kingge03,76.75,218.6,83.5,101.5,9,10.3,31,39,10.75,3.08,3.29,15,108.80%,92.3,132.5,140.5
44,2018,GG Jackson II,PF,Oct 30 '23 MEM vs. DAL,19,1,48,25.69,5.02,11.73,2.13,5.96,2.40,3.19,1.10,4.08,1.23,0.58,0.50,1.35,1.33,14.56,jacksgg01,80.3,214.4,83.5,106,8.5,10,31,37,11.39,NA,3,NA,104.00%,85,137,143
22,2018,Gradey Dick,SG,Oct 25 '23 TOR vs. MIN,20,1,60,21.13,3.15,7.42,1.47,4.02,0.73,0.85,0.45,2.20,1.13,0.57,0.03,0.83,1.45,8.50,dickgr01,78.3,204,80.8,101,8.25,9,29,34,11.13,3,4,NA,103.20%,74.3,130,135
75,2018,Grant Riller,PG-SG,Apr 4 '21 CHO @ BOS,23,1,7,3.86,1.14,1.71,0.29,0.57,0.00,0.00,0.00,0.14,0.43,0.14,0.00,0.14,0.00,2.57,rillegr01,72.25,178.4,77.25,96.5,8,8.5,32.5,39.5,11.17,2.45,3.07,NA,106.90%,68,129,136
5,2024,Grayson Allen,SG,Oct 22 '18 UTA vs. MEM,23,1,38,10.95,1.76,4.68,0.84,2.61,1.18,1.58,0.08,0.61,0.66,0.16,0.16,0.87,1.24,5.55,allengr01,75,198,79.25,97,8.25,10,32.5,40.5,10.31,3.04,3.15,NA,105.70%,82.5,129.5,137.5
13,2023,Greg Brown III,PF,Oct 23 '21 POR vs. PHO,20,1,48,13.33,1.69,3.96,0.40,1.27,0.92,1.35,0.79,2.81,0.73,0.54,0.50,0.75,1.88,4.69,browngr01,79.25,206.4,84.25,107,9,9.8,33.5,39,10.98,2.98,3.19,NA,106.30%,87.8,140.5,146
34,2024,Hamidou Diallo,SG,Oct 16 '18 OKC @ GSW,20,1,51,10.31,1.47,3.24,0.08,0.47,0.71,1.16,0.75,1.90,0.33,0.41,0.20,0.45,1.51,3.73,diallha01,76.25,197,83.5,103,8.75,9,32.5,40.5,10.53,3.14,3.1,1,109.50%,78.8,135.5,143.5
44,2023,Harrison Ingram,SF,Nov 6 '24 SAS @ HOU,22,1,5,7.00,0.40,0.80,0.00,0.20,0.00,0.00,0.40,1.80,0.60,0.60,0.00,0.20,0.40,0.80,ingraha01,77.3,233.6,84.3,102.5,9,10.3,29,35,11.36,2.94,3.17,NA,109.10%,92.3,131.5,137.5
53,2019,Herbert Jones,SF,Oct 20 '21 NOP vs. PHI,23,1,78,29.94,3.51,7.38,0.73,2.17,1.76,2.09,1.26,3.79,2.14,1.67,0.77,1.28,3.05,9.51,joneshe01,78,206.4,84.25,106,8.5,9,28.5,36.5,11.02,3.17,3.25,NA,108.00%,76.5,134.5,142.5
71,2020,Immanuel Quickley,SG,Dec 23 '20 NYK @ IND,21,1,64,19.42,3.58,9.06,1.84,4.73,2.42,2.72,0.39,2.14,1.98,0.47,0.19,0.91,1.78,11.42,quickim01,74,185.8,80.25,99,8,8.8,29.5,35.5,11.21,2.46,3.17,NA,108.40%,70,128.5,134.5
50,2019,Isaac Jones,C,Oct 28 '24 SAC vs. POR,24,1,40,7.60,1.35,2.08,0.08,0.20,0.58,0.90,0.55,1.43,0.30,0.13,0.25,0.40,0.75,3.35,jonesis01,79.8,235,87,108,9.25,10.3,29,35,11.49,3,3.38,NA,109.10%,94.8,137,143
18,2022,Isaiah Collier,PG,Nov 7 '24 UTA @ MIL,20,1,71,25.90,3.30,7.82,0.59,2.38,1.48,2.17,0.45,3.31,6.28,0.93,0.23,2.93,2.10,8.66,colliis01,74.5,204.6,76.8,97.5,9,9,30,34,10.77,3,3,NA,103.00%,76.5,127.5,131.5
54,2022,Isaiah Mobley,PF,Oct 22 '22 CLE @ CHI,23,1,12,7.00,1.00,2.33,0.25,0.67,0.33,0.33,0.33,1.67,0.25,0.33,0.25,0.08,0.67,2.58,mobleis01,80,238,87,107.5,9,10,26.5,32,12.7,3.5,3.3,NA,108.80%,90,134,139.5
111,2020,Isaiah Todd,PF,Oct 25 '21 WAS @ BRK,20,1,12,6.17,0.58,2.17,0.33,1.33,0.17,0.50,0.25,1.00,0.33,0.33,0.17,0.33,0.33,1.67,toddis01,80.75,219,85.25,107.5,9,9.8,28.5,35.5,11.38,3.25,3.31,NA,105.60%,87.8,136,143
101,2024,Isaiah Wong,SG,Dec 9 '23 IND @ LAL,23,1,1,4.00,1.00,3.00,0.00,1.00,0.00,0.00,0.00,0.00,0.00,0.00,0.00,0.00,0.00,2.00,wongis01,74.5,178.4,78.8,97.5,8.25,9.5,32.5,37,10.93,NA,3.22,NA,105.70%,78.4,130,134.5
98,2022,Ja'Kobe Walter,SG,Nov 1 '24 TOR vs. LAL,20,1,52,21.21,3.06,7.56,1.25,3.58,1.27,1.60,1.13,3.08,1.56,0.83,0.19,0.96,1.83,8.63,walteja01,76.3,197.6,82,102.5,8.75,9.8,30.5,38.5,11,2.92,3.04,NA,107.50%,85.3,133,141
74,2021,Jabari Walker,PF,Oct 24 '22 POR vs. DEN,20,1,56,11.05,1.48,3.54,0.29,1.00,0.61,0.80,0.86,2.34,0.61,0.18,0.23,0.52,1.23,3.86,walkeja01,78.75,213.8,82.75,105,8.75,9.8,29.5,32.5,11.53,3.12,3.24,NA,105.10%,85.3,134.5,137.5
40,2024,Jacob Evans,SG-SF,Oct 22 '18 GSW vs. PHO,21,1,30,6.80,0.60,1.77,0.13,0.50,0.00,0.03,0.20,0.83,0.77,0.17,0.10,0.37,0.93,1.33,evansja02,76.25,199.6,81.25,102.5,9,9.3,28,35.5,11.11,3.14,3.2,8,106.60%,83.3,130.5,138
103,2018,Jaden Springer,SG,Oct 20 '21 PHI @ NOP,19,1,2,3.00,0.50,0.50,0.00,0.00,0.00,0.00,0.50,1.00,0.00,0.00,1.00,0.50,0.00,1.00,sprinja01,75,202,79.75,99,8.5,9.8,34.5,41.5,11.46,3.1,3.13,NA,106.30%,82.9,133.5,140.5
46,2021,Jaime Jaquez Jr.,SF,Oct 25 '23 MIA vs. DET,22,1,75,28.17,4.55,9.29,0.87,2.69,1.89,2.33,1.09,3.80,2.60,1.03,0.27,1.47,2.23,11.85,jaqueja01,78,226.4,81.5,99.5,8.5,9.5,35,39,11.21,NA,3,NA,104.50%,80.8,134.5,138.5
46,2023,Jake LaRavia,PF,Oct 19 '22 MEM vs. NYK,21,1,35,11.83,1.06,2.71,0.69,2.03,0.20,0.26,0.54,1.80,0.60,0.34,0.11,0.51,1.40,3.00,laravja01,78.75,227.2,81.5,104,8.5,10.3,27.5,34,10.58,2.89,3.37,NA,103.50%,87.1,131.5,138
7,2022,Jalen Bridges,SF,Nov 13 '24 PHO @ SAC,23,1,8,3.75,0.25,0.88,0.25,0.88,0.38,0.50,0.00,0.50,0.00,0.00,0.00,0.50,0.00,1.13,bridgja01,78.8,213.4,82,105,9,10,25,32,11,3,3,NA,104.10%,90,130,137
21,2020,Jalen Brunson,PG,Oct 17 '18 DAL @ PHO,22,1,73,21.79,3.62,7.74,0.86,2.48,1.19,1.64,0.34,2.32,3.15,0.51,0.05,1.21,1.74,9.29,brunsja01,73,198.4,76,96,8.25,9.3,29,37,10.59,3.11,3.15,7,104.10%,76.3,125,133
34,2019,Jalen Harris,SG,Jan 8 '21 TOR @ SAC,22,1,13,13.23,2.77,5.54,1.31,2.77,0.54,0.69,0.23,1.38,1.31,0.62,0.00,1.08,1.15,7.38,harrija01,74.75,193.4,79,97.5,8.25,9.5,37.5,42.5,10.59,2.49,3.11,NA,105.70%,78.4,135,140
69,2021,Jalen Pickett,PG,Oct 24 '23 DEN vs. LAL,24,1,27,4.52,0.56,1.30,0.33,0.93,0.11,0.15,0.04,0.52,0.78,0.15,0.00,0.33,0.48,1.56,pickeja02,74,197.8,79.3,98.5,8.5,7.5,28.5,33,11.91,3.41,3.35,NA,107.10%,63.8,127,131.5
82,2020,Jalen Slawson,PF,Nov 15 '23 SAC @ LAL,24,1,12,3.08,0.33,0.50,0.00,0.17,0.00,0.00,0.08,0.58,0.17,0.08,0.08,0.17,0.67,0.67,slawsja01,78.5,221.6,83.8,106,9,9,29,33,11.26,NA,3.29,NA,106.70%,81,135,139
81,2024,Jalen Williams,SG,Oct 19 '22 OKC @ MIN,21,1,75,30.35,5.52,10.59,0.97,2.73,2.07,2.55,1.12,4.49,3.31,1.37,0.47,1.64,2.55,14.08,willija06,76.5,209.2,86.25,105.5,8.5,9.5,33.5,39,11.13,3.17,3.11,NA,112.70%,80.8,139,144.5
100,2022,Jalen Wilson,SF,Nov 1 '23 BRK @ MIA,23,1,43,15.44,1.77,4.16,0.56,1.72,0.88,1.07,1.09,3.05,1.05,0.26,0.09,0.44,1.12,4.98,wilsoja03,77.5,230.2,80,99.5,8.25,9,31.5,35,11.26,3.15,3.2,NA,103.20%,74.3,131,134.5
84,2019,Jamal Shead,PG,Oct 23 '24 TOR vs. CLE,22,1,75,19.56,2.72,6.72,0.96,2.97,0.71,0.92,0.40,1.53,4.21,0.77,0.13,1.56,2.11,7.11,sheadja01,72.3,200.8,75,96,8.25,8.8,30,37.5,10.87,2.87,2.94,NA,103.80%,72.2,126,133.5
94,2024,Jarace Walker,PF,Oct 25 '23 IND vs. WAS,20,1,33,10.30,1.36,3.33,0.67,1.67,0.24,0.27,0.36,1.91,1.21,0.45,0.33,0.52,0.88,3.64,walkeja02,78.5,248.6,86.5,104.5,9,10,34.5,38,10.89,NA,3.2,NA,110.20%,90,139,142.5
61,2024,Jared McCain,SG,Oct 23 '24 PHI vs. MIL,20,1,23,25.74,5.48,11.91,2.22,5.78,2.13,2.43,0.57,2.43,2.61,0.65,0.00,1.61,1.61,15.30,mccaija01,74,203.2,75.5,98,8.25,9.5,25.5,33,10.87,3.07,3.23,NA,102.00%,78.4,123.5,131
60,2019,Jason Preston,PG,Oct 23 '22 LAC vs. PHO,23,1,14,8.86,1.29,2.93,0.36,1.29,0.00,0.14,0.14,1.57,1.93,0.14,0.00,0.71,0.50,2.93,prestja01,75,180.6,80.5,100.5,8.5,9.3,30.5,38.5,10.82,3.08,3.13,NA,107.30%,78.6,131,139
23,2024,Javin DeLaurier,PF,Jan 1 '22 MIL vs. NOP,23,1,1,3.00,0.00,0.00,0.00,0.00,0.00,0.00,0.00,1.00,0.00,1.00,0.00,0.00,1.00,0.00,delauja01,82.25,218.6,87.5,110.5,9.25,10.5,27,34.5,11.74,3.23,3.37,5,106.40%,97.1,137.5,145
101,2020,Jaylen Wells,SF,Oct 23 '24 MEM @ UTA,21,1,79,25.86,3.63,8.56,1.75,4.96,1.41,1.71,1.10,3.39,1.71,0.56,0.10,0.87,1.85,10.42,wellsja01,78.5,206.2,79.3,103.5,8.25,9.3,27.5,36,11.28,3.03,3.08,NA,101.00%,76.3,131,139.5
82,2021,Jaylin Williams,C,Oct 23 '22 OKC vs. MIN,20,1,49,18.65,2.08,4.78,0.94,2.31,0.78,1.10,0.90,4.92,1.55,0.57,0.24,0.76,2.27,5.88,willija07,80.75,236.6,85,108.5,8.5,10.5,24.5,30,11.64,3.1,3.5,NA,105.30%,89.3,133,138.5
96,2019,Jaylon Tyson,SF,Oct 23 '24 CLE @ TOR,22,1,47,9.64,1.36,3.17,0.43,1.23,0.40,0.51,0.79,2.04,0.94,0.28,0.06,0.55,1.06,3.55,tysonja01,77.5,218.2,80,102.5,8.25,9.5,29.5,36.5,11.13,3.06,3.12,NA,103.20%,78.4,132,139
20,2024,JD Davison,PG,Nov 11 '22 BOS vs. DEN,20,1,12,5.50,0.67,1.58,0.17,0.58,0.08,0.17,0.17,0.75,0.92,0.17,0.17,0.33,0.42,1.58,davisjd01,72.5,191.8,78.5,99.5,8.5,9.5,30,37,11.38,3.23,3.26,NA,108.30%,80.8,129.5,136.5
91,2021,Jeremiah Robinson-Earl,PF,Oct 20 '21 OKC @ UTA,21,1,49,22.18,2.73,6.61,1.18,3.37,0.82,1.10,1.53,5.59,1.00,0.59,0.31,0.80,1.53,7.47,robinje02,79.75,242.4,81.75,105.5,9,9.8,27,32,11.64,3.15,3.29,NA,102.50%,87.8,132.5,137.5
100,2021,Jericho Sims,C,Oct 20 '21 NYK vs. BOS,23,1,41,13.54,0.95,1.32,0.00,0.00,0.29,0.71,1.49,4.12,0.51,0.27,0.54,0.49,1.61,2.20,simsje01,81,250.2,87.25,106,9,9.8,37,44.5,11.59,3.38,3.05,NA,107.70%,87.8,143,150.5
30,2018,Jesse Edwards,C,Mar 2 '25 MIN @ PHO,24,1,2,2.50,0.00,0.00,0.00,0.00,0.00,0.00,0.00,0.00,0.50,0.00,0.00,0.00,1.00,0.00,edwarje01,83.5,236,89,111,9,10,31,36,11.24,3,3,NA,106.60%,92.5,142,147
23,2019,Jevon Carter,PG,Dec 15 '18 MEM vs. HOU,23,1,39,14.79,1.44,4.74,0.87,2.62,0.67,0.82,0.36,1.69,1.77,0.67,0.28,0.85,1.41,4.41,carteje01,72.25,196.2,76.25,95,9.25,8.5,29,36.5,11.04,3.05,3.18,14,105.50%,78.6,124,131.5
118,2018,Joe Wieskamp,SF,Nov 10 '21 SAS vs. SAC,22,1,29,7.07,0.69,1.93,0.48,1.48,0.24,0.45,0.14,0.48,0.31,0.14,0.10,0.07,0.48,2.10,wieskjo01,77.75,204.8,83,103,8.5,9.3,30,42,10.7,3.18,3.04,NA,106.80%,78.6,133,145
11,2019,John Butler,PF,Nov 5 '22 POR @ PHO,20,1,19,11.63,0.89,2.79,0.42,1.84,0.16,0.21,0.16,0.89,0.58,0.37,0.47,0.05,1.16,2.37,butlejo01,83.75,174.4,86.25,112,8.5,8.8,26.5,28.5,11.16,3.04,3.33,NA,103.00%,74.4,138.5,140.5
36,2019,Johnny Furphy,SF,Oct 25 '24 IND @ NYK,20,1,50,7.58,0.70,1.84,0.30,1.00,0.36,0.44,0.46,1.42,0.38,0.36,0.22,0.24,0.82,2.06,furphjo01,79.5,188.8,80,104.5,8,10,26,32,11.15,3,3,NA,100.60%,76,130.5,136.5
42,2023,Johnny Juzang,SG,Feb 28 '23 UTA vs. SAS,21,1,18,12.89,1.94,5.78,0.83,3.50,0.11,0.22,0.44,2.17,0.44,0.22,0.17,0.17,0.72,4.83,juzanjo01,77.25,208.6,83,102.5,8.5,9.5,27.5,32.5,11.03,3.17,3.29,NA,107.40%,80.8,130,135
68,2018,Jonathan Mogbo,PF,Oct 23 '24 TOR vs. CLE,23,1,63,20.41,2.48,5.65,0.27,1.11,0.95,1.30,1.73,4.94,2.32,0.87,0.54,1.11,2.16,6.17,mogbojo01,78.3,217.2,86,108.5,8.75,8.8,31.5,37.5,11.14,3.07,3.02,NA,109.90%,76.6,140,146
58,2024,Jordan Miller,SF,Oct 25 '23 LAC vs. POR,24,1,8,3.50,0.63,1.13,0.13,0.25,0.25,0.25,0.38,0.63,0.00,0.00,0.00,0.13,0.25,1.63,millejo02,76.5,191.6,83.8,103.5,8.5,9.3,32,36.5,11.43,3.21,3.17,NA,109.50%,78.6,135.5,140
61,2022,Jordan Nwora,SF-PF,Dec 25 '20 MIL vs. GSW,22,1,30,9.13,2.07,4.50,0.93,2.07,0.63,0.83,0.30,2.00,0.23,0.53,0.23,0.80,0.73,5.70,nworajo01,77.75,223,82.25,104,8.5,9.3,29,35,11.29,2.66,3.43,NA,105.80%,78.6,133,139
96,2024,Jordan Walsh,SF,Jan 17 '24 BOS vs. SAS,19,1,9,9.22,0.67,1.67,0.22,1.00,0.11,0.22,0.56,2.22,0.56,0.56,0.11,0.33,1.22,1.67,walshjo01,77.8,204,85.8,107,8.75,8.5,33,36,10.83,NA,3.3,NA,110.30%,74.4,140,143
18,2024,Josh Christopher,SG,Oct 20 '21 HOU @ MIN,20,1,74,18.03,3.03,6.76,0.76,2.55,1.12,1.53,0.70,2.51,2.03,0.88,0.18,1.54,1.31,7.93,chrisjo01,75.25,214.8,81.25,101,8.75,8.5,29.5,37.5,11.32,3.3,3.14,NA,108.00%,74.4,130.5,138.5
29,2024,Josh Green,SG-SF,Dec 23 '20 DAL @ PHO,20,1,39,11.41,1.08,2.38,0.10,0.64,0.33,0.59,0.72,2.00,0.72,0.41,0.08,0.44,0.90,2.59,greenjo02,76.5,214,81.75,101.5,8,8.8,30.5,39.5,10.64,2.28,3.12,NA,106.90%,70,132,141
76,2020,Josh Okogie,SG,Oct 20 '18 MIN @ DAL,20,1,74,23.74,2.65,6.86,0.81,2.91,1.59,2.19,0.55,2.95,1.23,1.19,0.45,0.85,2.24,7.70,okogijo01,75,210.8,84,102,9,9.8,33,42,11.08,3.03,3.04,12,112.00%,87.8,135,144
87,2019,Joshua Primo,SG,Oct 20 '21 SAS vs. ORL,19,1,50,19.30,2.02,5.40,0.84,2.74,0.88,1.18,0.64,2.26,1.62,0.40,0.46,1.14,1.58,5.76,primojo01,76,189,81.25,102.5,9,10,30.5,37.5,10.97,3.36,3.22,NA,106.90%,90,133,140
110,2019,JT Thor,PF,Oct 22 '21 CHO @ CLE,19,1,33,7.94,0.73,1.67,0.21,0.82,0.36,0.61,0.33,1.30,0.58,0.24,0.33,0.30,0.79,2.03,thorjt01,80.5,203,87.25,110,9.25,9.5,31.5,35,12.19,3.08,3.06,NA,108.40%,87.9,141.5,145
5,2024,Jules Bernard,PF,Dec 8 '23 WAS @ BRK,24,1,19,7.84,1.53,3.37,0.58,1.53,0.26,0.47,0.53,1.37,0.84,0.16,0.05,0.42,0.74,3.89,bernaju01,79,221,84.5,106,9.25,9.3,28.5,34,11.12,3.01,3.27,NA,107.00%,85.6,134.5,140
13,2024,Julian Champagnie,SF,Nov 22 '22 PHI vs. BRK,21,1,17,18.82,3.47,7.65,1.94,4.82,0.82,1.00,0.59,3.53,0.59,0.35,0.29,0.65,1.53,9.71,champju02,78.25,212.4,82,107,8.75,9.3,28.5,34.5,11.39,3.04,3.14,NA,104.80%,80.9,135.5,141.5
68,2024,Julian Phillips,SF,Oct 25 '23 CHI vs. OKC,20,1,40,8.08,0.80,1.93,0.30,0.95,0.33,0.48,0.30,0.90,0.33,0.18,0.18,0.25,1.00,2.23,phillju01,78.8,196.6,83.5,102,8.5,9,36,43,11.09,NA,3.32,NA,106.00%,76.5,138,145
86,2020,Julian Strawther,SF,Oct 27 '23 DEN @ MEM,21,1,50,10.90,1.64,4.44,0.82,2.76,0.44,0.62,0.10,1.22,0.94,0.34,0.14,0.46,1.08,4.54,strawju01,78,208.8,81.3,105,8.25,8.3,27.5,34.5,10.94,3.46,3.31,NA,104.20%,68.1,132.5,139.5
17,2020,Justin Champagnie,PF,Oct 22 '21 TOR @ BOS,20,1,36,7.81,0.86,1.86,0.28,0.78,0.25,0.25,1.03,2.00,0.31,0.22,0.11,0.22,0.89,2.25,champju01,77.75,206.4,81.5,104,8.75,8.5,27,35,11.94,3.14,3.34,NA,104.80%,74.4,131,139
31,2024,Justin Edwards,SF,Nov 24 '24 PHI vs. LAC,21,1,44,26.25,3.91,8.59,1.57,4.32,0.73,1.05,1.05,3.36,1.57,1.02,0.36,1.11,2.23,10.11,edwarju01,78,209.4,82,102.5,9,9,28,33,12.07,3,3,NA,105.10%,76.6,130.5,135.5
49,2020,Karim Mané,PG-SG,Dec 31 '20 ORL vs. PHI,20,1,10,8.80,0.30,1.30,0.10,0.20,0.40,0.50,0.10,1.40,0.40,0.00,0.20,0.30,1.00,1.10,maneka01,77,196,83,102,8.5,9.8,31,36,11.52,2.64,3.04,NA,107.80%,82.9,133,138
10,2024,Keita Bates-Diop,SG-SF,Oct 26 '18 MIN vs. MIL,23,1,30,16.77,2.00,4.73,0.43,1.73,0.60,0.93,0.53,2.77,0.57,0.60,0.47,0.47,0.97,5.03,bateske01,79.25,223.8,87.25,106.5,9,8.5,30.5,35,11.2,3.28,3.17,11,110.10%,76.5,137,141.5
99,2020,Kel'el Ware,C,Oct 23 '24 MIA vs. ORL,20,1,64,22.22,4.02,7.25,0.55,1.73,0.72,1.05,1.81,7.39,0.94,0.61,1.11,0.89,1.73,9.30,wareke01,83.8,230,88.5,112.5,9.5,10.3,32.5,36,10.97,2.91,3.29,NA,105.70%,97.4,145,148.5
10,2021,Kendall Brown,SF,Nov 23 '22 IND vs. MIN,19,1,6,6.67,0.67,1.17,0.00,0.17,0.17,0.33,0.33,1.00,0.50,0.67,0.00,0.33,1.50,1.50,brownke03,78.25,201.2,83,103,9,9,31.5,41,11.57,3.05,3.29,NA,106.10%,81,134.5,144
14,,Kennedy Chandler,PG,Oct 22 '22 MEM @ DAL,20,1,36,7.81,0.97,2.31,0.06,0.42,0.17,0.36,0.25,1.06,1.61,0.33,0.14,0.50,0.42,2.17,chandke01,71.5,172.2,77.25,97,8.5,9.5,31,41.5,10.73,2.89,NA,NA,108.00%,80.8,128,138.5
103,,Kenrich Williams,SF,Oct 17 '18 NOP @ HOU,24,1,46,23.46,2.33,6.07,1.13,3.39,0.28,0.41,1.20,4.76,1.80,0.98,0.41,0.78,2.07,6.07,willike04,78,200.4,79.25,103.5,8.5,9.8,28,33,10.86,3.28,3.19,14,101.60%,82.9,131.5,136.5
26,,Keon Ellis,SG,Nov 17 '22 SAC vs. SAS,23,1,16,4.44,0.44,1.00,0.38,0.75,0.25,0.44,0.25,0.50,0.38,0.31,0.06,0.06,0.63,1.50,elliske01,75.5,167.4,80.5,102,8,9.3,28,35.5,10.87,3.02,3.18,NA,106.60%,74,130,137.5
51,,Keon Johnson,SG,Nov 7 '21 LAC vs. CHO,19,1,37,18.84,2.59,7.35,0.92,2.70,1.11,1.38,0.65,2.19,2.05,0.76,0.32,1.24,1.86,7.22,johnske07,75.5,184.8,79.25,97,8.5,9,41.5,48,11.45,3.2,3,NA,105.00%,76.5,138.5,145
48,,Keshad Johnson,PF,Dec 2 '24 MIA @ BOS,23,1,16,6.13,1.13,1.63,0.19,0.44,0.25,0.56,0.38,1.75,0.25,0.31,0.25,0.25,0.69,2.69,johnske10,78.3,224,82.3,103,9.25,10.8,31.5,42,11.38,3.02,3.03,NA,105.10%,99.4,134.5,145
29,,Kessler Edwards,PF,Nov 16 '21 BRK vs. GSW,21,1,48,20.56,2.29,5.56,1.00,2.83,0.33,0.40,0.92,3.58,0.65,0.60,0.50,0.88,1.77,5.92,edwarke02,79,203,83.25,106,8.5,8.3,28,37,11.3,3.38,3.25,NA,105.40%,70.1,134,143
52,,Kevin Huerter,SG,Oct 17 '18 ATL @ NYK,20,1,75,27.31,3.67,8.76,1.81,4.71,0.55,0.75,0.80,3.27,2.85,0.87,0.33,1.45,2.07,9.69,huertke01,78.25,194,79.5,101.5,8.25,8.5,31,38,10.89,2.97,3.09,9,101.60%,70.1,132.5,139.5
92,,Khyri Thomas,SG,Nov 9 '18 DET @ ATL,22,1,26,7.50,0.85,2.65,0.38,1.35,0.27,0.42,0.15,0.77,0.31,0.27,0.19,0.15,0.85,2.35,thomakh01,74.5,198.8,82.5,101,8.75,9.3,30,35,10.96,3.18,3.18,14,110.70%,80.9,131,136
85,,Killian Tillie,PF,Feb 28 '21 MEM @ HOU,22,1,18,10.11,1.06,3.17,0.56,1.83,0.50,0.61,0.33,1.33,0.44,0.28,0.44,0.11,1.11,3.17,tilliki02,80.75,221.6,80,106,8.25,9.3,27.5,32,11.6,2.62,3.4,NA,99.10%,76.3,133.5,138
86,,KJ Simpson,PG,Nov 4 '24 CHO @ MIN,22,1,36,23.39,2.89,8.36,0.92,3.61,1.14,1.39,1.08,3.03,3.11,0.94,0.17,1.56,1.56,7.83,simpskj01,72.3,187,76.5,93.5,8.25,9.3,32.5,40.5,10.49,2.98,3.24,NA,105.90%,76.3,126,134
10,,Kobe Brown,PF,Oct 25 '23 LAC vs. POR,24,1,44,8.95,0.84,2.05,0.32,1.09,0.02,0.05,0.45,1.41,0.57,0.27,0.14,0.20,1.11,2.02,brownko01,78.5,252.2,84.8,106.5,8.75,9.8,29,32,11,3,3,NA,108.00%,85.3,135.5,138.5
11,,Kobe Bufkin,SG,Oct 29 '23 ATL @ MIL,20,1,17,11.53,2.00,5.41,0.53,2.35,0.24,0.47,0.35,1.94,1.59,0.41,0.29,0.59,1.18,4.76,bufkiko01,76.3,186.8,79.8,102.5,8,9.3,29,36,12,NA,3,NA,104.60%,74,131.5,138.5
6,,Kostas Antetokounmpo,PF,Mar 20 '19 DAL @ POR,21,1,2,5.50,0.00,1.50,0.00,0.00,1.00,2.00,0.00,0.50,0.00,1.00,0.00,0.50,0.00,1.00,antetko01,81,194.8,86.25,110,9.25,9.5,29.5,35,12.48,3.48,3.21,0,106.50%,87.9,139.5,145
62,,Kris Murray,PF,Oct 25 '23 POR @ LAC,23,1,62,21.74,2.34,5.90,0.79,2.95,0.60,0.90,1.37,3.61,1.29,0.85,0.34,0.89,1.48,6.06,murrakr01,79.8,212.8,83.8,106,8.5,9,29.5,35,11.11,NA,3.3,NA,105.00%,76.5,135.5,141
33,,Kyle Filipowski,PF,Oct 25 '24 UTA vs. GSW,21,1,72,21.14,3.61,7.19,1.07,3.06,1.29,1.99,1.56,6.11,1.94,0.67,0.31,1.42,2.38,9.58,filipky01,82.8,229.8,82.5,107,9,10,27,33,11.43,3,3,NA,99.70%,83.1,134,140
37,,Kyshawn George,SF,Oct 24 '24 WAS vs. BOS,21,1,68,26.50,2.99,8.03,1.68,5.21,1.03,1.37,0.72,4.19,2.49,1.00,0.74,1.43,2.96,8.68,georgky01,79,208.8,82.3,105,9,10.3,27,32,11.9,2.91,3.32,NA,104.10%,92.3,132,137
84,,Landry Shamet,PG,Oct 16 '18 PHI @ BOS,21,1,79,22.81,3.04,7.05,2.11,5.01,0.95,1.18,0.27,1.70,1.48,0.47,0.13,0.57,1.96,9.14,shamela01,76,188.6,78.75,100,8,9,31,39.5,11.26,3.21,3.11,8,103.60%,72,131,139.5
59,,Leonard Miller,PF,Oct 28 '23 MIN vs. MIA,20,1,17,3.06,0.76,1.18,0.12,0.29,0.06,0.12,0.29,1.18,0.47,0.12,0.06,0.06,0.29,1.71,millele01,81.3,212.8,86,106.5,9.5,10.5,32,37.5,11,NA,3.33,NA,105.80%,99.8,138.5,144
97,,Lonnie Walker IV,SG,Jan 3 '19 SAS vs. TOR,20,1,17,6.94,0.94,2.71,0.29,0.76,0.47,0.59,0.00,1.00,0.53,0.41,0.18,0.24,0.41,2.65,walkelo01,75.75,196.2,82.25,99.5,9,9.5,31.5,40,10.87,2.91,3.06,12,108.60%,85.5,131,139.5
34,,Luka Garza,C,Oct 23 '21 DET @ CHI,23,1,32,12.16,2.06,4.59,0.50,1.53,1.19,1.91,1.81,3.13,0.63,0.28,0.19,0.56,1.72,5.81,garzalu01,82,242.8,85.5,107.5,9,9.3,24,29.5,11.9,3.38,3.51,NA,104.30%,83.3,131.5,137
8,,Malaki Branham,SG,Oct 30 '22 SAS vs. MIN,19,1,66,23.48,4.08,9.26,1.17,3.86,0.88,1.06,0.42,2.74,1.92,0.50,0.11,1.15,1.74,10.20,branhma01,76,194.8,82,102.5,8.5,9.8,29,35,11.38,3.09,3.17,NA,107.90%,82.9,131.5,137.5
19,,Mamadi Diakite,PF,Mar 11 '21 MIL vs. NYK,24,1,14,10.07,1.14,2.86,0.07,0.57,0.79,1.00,0.57,2.43,0.57,0.50,0.43,0.21,1.14,3.14,diakima01,80.5,222.1,87.75,107,9,10.3,28,37,11.95,2.71,3.16,NA,109.00%,92.3,135,144
2,,Marcus Bagley,SF,Mar 24 '25 PHI @ NOP,23,1,10,25.30,2.70,6.90,0.50,3.20,0.80,1.00,2.30,7.00,1.00,0.90,1.20,0.70,1.60,6.70,baglema02,78,216.8,83,102.5,8.75,8.5,32.5,38.5,12.26,3.1,3.17,NA,106.40%,74.4,135,141
78,,Marcus Sasser,PG,Oct 25 '23 DET @ MIA,23,1,71,19.03,3.08,7.21,1.27,3.38,0.82,0.93,0.15,1.76,3.32,0.62,0.17,1.27,1.45,8.25,sassema01,73.3,195.6,79,99.5,8.75,9.5,27,35,10.68,NA,3.43,NA,107.80%,83.1,126.5,134.5
37,,Markus Howard,PG,Dec 25 '20 DEN vs. LAC,21,1,37,5.54,1.08,2.86,0.49,1.76,0.19,0.24,0.03,0.57,0.49,0.11,0.03,0.49,0.62,2.84,howarma02,69.5,170.8,72.25,91.5,8.5,7.8,30.5,35.5,11.21,3.17,3.11,NA,104.00%,65.9,122,127
40,,Mason Jones,SG,Jan 8 '21 HOU vs. ORL,22,1,32,10.44,1.63,3.84,0.75,2.06,1.25,2.00,0.22,1.72,1.31,0.22,0.03,0.91,0.75,5.25,jonesma05,75.75,207.2,79,102.5,8.75,8.5,24,31,10.6,2.49,3.33,NA,104.30%,74.4,126.5,133.5
9,,Matas Buzelis,SF,Oct 23 '24 CHI @ NOP,20,1,80,18.89,3.15,6.94,1.20,3.33,1.10,1.35,0.69,3.48,0.99,0.36,0.94,0.93,1.60,8.60,buzelma01,80.8,197,82,105.5,9,9,31,38,11,3,3,NA,101.50%,78.6,136.5,143.5
42,,Matthew Hurt,PF,Jan 29 '24 MEM vs. SAC,23,1,8,14.13,1.50,4.25,0.63,2.50,0.38,0.38,1.13,2.00,0.50,0.38,0.38,0.25,1.00,4.00,hurtma01,80.5,232.4,81.5,106.5,9,9,25.5,32.5,11.44,3.25,3.34,NA,101.20%,81,132,139
15,,Max Christie,SG,Oct 18 '22 LAL @ GSW,19,1,41,12.49,1.07,2.59,0.63,1.51,0.34,0.39,0.17,1.83,0.51,0.22,0.17,0.32,0.80,3.12,chrisma02,76.25,189.2,80.75,102.5,8,8.5,32,37.5,10.82,3.02,3.07,NA,105.90%,68,134.5,140
50,,Maxwell Lewis,SG,Oct 24 '23 LAL @ DEN,21,1,34,3.03,0.12,0.62,0.03,0.26,0.06,0.09,0.06,0.12,0.18,0.06,0.03,0.29,0.15,0.32,lewisma05,78.3,207.2,84,104.5,8.75,9.5,32.5,36.5,11.4,NA,3.43,NA,107.30%,83.1,137,141
123,,McKinley Wright IV,PG,Oct 20 '21 MIN vs. HOU,23,1,5,3.80,0.40,0.60,0.20,0.40,0.00,0.00,0.00,0.00,0.60,0.00,0.00,0.20,0.20,1.00,wrighmc01,71.25,192.2,77.25,94,8.5,9,31.5,38,10.76,3.12,3.08,NA,108.40%,76.5,125.5,132
28,,Michael Foster Jr.,C,Nov 22 '22 PHI vs. BRK,20,1,1,1.00,0.00,0.00,0.00,0.00,0.00,0.00,0.00,0.00,0.00,0.00,0.00,0.00,0.00,0.00,fostemi02,79.75,236.6,84.25,109.5,8.75,10,28,32.5,11.49,3.1,3.22,NA,105.60%,87.5,137.5,142
67,,Miles McBride,PG,Oct 22 '21 NYK @ ORL,21,1,40,9.30,0.80,2.70,0.43,1.70,0.20,0.30,0.10,1.05,1.03,0.35,0.03,0.13,1.13,2.23,mcbrimi01,73,195.2,80.75,99.5,9,9.5,31,38.5,11.08,3.13,3.1,NA,110.60%,85.5,130.5,138
96,,Moritz Wagner,C-PF,Nov 17 '18 LAL @ ORL,21,1,43,10.37,1.65,3.98,0.51,1.79,1.00,1.23,0.40,1.98,0.56,0.26,0.30,0.91,1.33,4.81,wagnemo01,82.5,241.4,84,108,9,10.8,27,34,11.48,3.07,3.18,8,101.80%,96.8,135,142
124,,Moses Wright,PF,Dec 22 '21 LAC @ SAC,23,1,4,3.50,0.25,1.00,0.00,0.25,0.75,0.75,0.25,0.75,0.50,0.00,0.25,0.00,0.00,1.25,wrighmo01,79.75,225.8,84.75,107,9,9.5,31.5,38,11.2,3.42,3.15,NA,106.30%,85.5,138.5,145
22,,Moussa Diabaté,C,Oct 27 '22 LAC @ OKC,21,1,22,8.86,1.09,2.14,0.05,0.09,0.45,0.73,1.41,2.27,0.18,0.32,0.36,0.41,0.68,2.68,diabamo01,81.25,216.6,86.5,109.5,8.5,10.5,29,36.5,11.16,2.9,3.26,NA,106.50%,89.3,138.5,146
24,,N'Faly Dante,C,Mar 3 '25 HOU @ OKC,23,1,4,12.75,2.50,3.25,0.00,0.00,1.00,1.25,1.50,5.25,0.50,0.25,1.25,0.50,2.25,6.00,nfalyda01,82,260.2,90,111,9,10,27,33,11.55,3,3,NA,109.80%,92.5,138,144
93,,Nae'Qwan Tomlin,PF,Feb 20 '25 CLE @ BRK,24,1,5,12.60,2.60,6.40,0.40,2.00,1.60,2.20,1.80,4.20,0.40,0.00,0.20,0.40,1.80,7.20,tomlina01,80.3,205,86.5,109,9,10,27.5,32.5,11.63,3.54,3.43,NA,107.80%,90,136.5,141.5
51,,Naji Marshall,SF,Jan 15 '21 NOP @ LAL,23,1,32,21.88,2.56,6.53,0.91,2.59,1.66,2.34,0.47,4.63,2.75,0.81,0.31,1.19,1.81,7.69,marshna01,77.75,233.5,84.75,102.5,9.25,10.5,28.5,35,11.77,2.9,3.37,NA,109.00%,97.1,131,137.5
42,,Nathan Knight,PF-C,Dec 23 '20 ATL @ CHI,23,1,33,8.45,1.12,3.03,0.18,1.00,1.33,1.67,0.82,2.18,0.24,0.27,0.30,0.45,0.67,3.76,knighna01,80,235,86,109.5,9,9.5,23,31.5,11.56,2.96,3.31,NA,107.50%,85.5,132.5,141
89,,Neemias Queta,C,Dec 17 '21 SAC vs. MEM,22,1,15,8.00,1.13,2.53,0.00,0.00,0.73,1.13,0.93,2.07,0.40,0.07,0.53,0.40,1.20,3.00,quetane01,83.25,248.4,88,112.5,9.25,10.5,27,33,11.85,3.5,3.29,NA,105.70%,97.1,139.5,145.5
74,,Nick Richards,C,Dec 30 '20 CHO @ DAL,23,1,18,3.50,0.22,0.50,0.00,0.06,0.39,0.61,0.22,0.61,0.11,0.00,0.00,0.17,0.39,0.83,richani01,82.5,241.6,86.25,110,9,9,30,34,11.42,2.92,3.25,NA,104.50%,81,140,144
1,,Ochai Agbaji,SG,Oct 19 '22 UTA vs. DEN,22,1,59,20.49,2.80,6.54,1.37,3.86,0.95,1.17,0.73,2.05,1.14,0.27,0.25,0.69,1.68,7.92,agbajoc01,76.5,216.8,82.25,104,8.75,9.5,32,39,10.77,3.11,3.13,NA,107.50%,83.1,136,143
72,,Olivier-Maxence Prosper,PF,Nov 3 '23 DAL @ DEN,21,1,40,8.40,1.00,2.60,0.33,1.13,0.70,1.03,0.63,1.98,0.55,0.18,0.10,0.20,0.50,3.03,prospol01,78.8,212.4,85,104,8.25,10,35,40.5,10.59,3,3.21,NA,107.90%,82.5,139,144.5
89,,Omari Spellman,PF-C,Oct 17 '18 ATL @ NYK,21,1,46,17.50,2.13,5.30,0.96,2.78,0.70,0.98,1.57,4.22,1.02,0.57,0.54,0.67,1.46,5.91,spellom01,80,253.8,86,107.5,9,9,28.5,35.5,12.28,3.35,3.38,8,107.50%,81,136,143
43,,Oso Ighodaro,C,Oct 23 '24 PHO @ LAC,22,1,61,17.13,1.85,3.07,0.00,0.03,0.48,0.82,1.08,3.64,1.16,0.46,0.48,0.64,1.67,4.18,ighodos01,81.5,222,83,104.5,9,10,35,39.5,11.25,3.12,3.09,NA,101.80%,90,139.5,144
23,,Pacome Dadiet,SF,Oct 22 '24 NYK @ BOS,19,1,18,6.17,0.56,1.72,0.33,1.06,0.22,0.33,0.17,1.00,0.28,0.17,0.11,0.22,0.39,1.67,dadiepa01,79.8,216.8,81,107.5,9,9,29,36,11.84,3,3,NA,101.60%,76.5,136.5,143.5
2,,Patrick Baldwin Jr.,SF,Oct 30 '22 GSW @ DET,20,1,31,7.29,1.39,3.52,1.03,2.71,0.13,0.19,0.03,1.29,0.35,0.19,0.13,0.35,0.45,3.94,baldwpa01,81.25,230.8,85.75,110.5,8.75,9.5,23.5,26.5,12.25,3.3,3.45,NA,105.50%,83.1,134,137
73,,Paul Reed,PF,Jan 4 '21 PHI vs. CHO,21,1,26,6.81,1.62,3.00,0.00,0.23,0.15,0.31,1.15,2.35,0.46,0.38,0.50,0.46,1.12,3.38,reedpa01,80.5,219.2,86,109.5,9,8.8,26.5,37.5,12.29,2.67,3.45,NA,106.80%,78.8,136,147
57,,Pelle Larsson,SG,Oct 23 '24 MIA vs. ORL,23,1,55,14.22,1.62,3.69,0.58,1.73,0.75,1.11,0.51,1.67,1.18,0.58,0.13,0.44,1.65,4.56,larsspe01,77.3,212.4,79.5,102,8.75,10.3,30.5,38,11.15,2.91,3.06,NA,102.90%,89.7,132.5,140
76,,Peyton Watson,SF,Oct 19 '22 DEN @ UTA,20,1,23,8.09,1.26,2.57,0.26,0.61,0.48,0.87,0.35,1.61,0.48,0.09,0.48,0.35,0.61,3.26,watsope01,78.75,203.4,84.5,107.5,8.5,9.5,28,33.5,11.03,3.24,3.28,NA,107.30%,80.8,135.5,141
39,,PJ Hall,C,Nov 17 '24 DEN @ MEM,22,1,19,3.47,0.74,1.26,0.11,0.42,0.16,0.21,0.32,1.16,0.21,0.00,0.21,0.11,0.58,1.74,hallpj01,80.3,239.6,85.5,103.5,9,9.8,32.5,39.5,11.76,3.01,3.35,NA,106.50%,87.8,136,143
39,,Quentin Grimes,SG,Oct 20 '21 NYK vs. BOS,21,1,46,17.09,2.07,5.11,1.57,4.11,0.28,0.41,0.52,2.04,0.96,0.67,0.24,0.61,1.57,5.98,grimequ01,76,205,80,101,8.5,10,30.5,38.5,11.09,3.33,3.07,NA,105.30%,85,131.5,139.5
73,,Quinten Post,C,Dec 27 '24 GSW @ LAC,24,1,42,16.33,2.93,6.52,1.74,4.26,0.50,0.64,0.83,3.52,1.33,0.38,0.43,0.79,1.98,8.10,postqu01,84,244.4,86.5,112,9.25,10,24,27,11.48,3.03,3.4,NA,103.00%,92.5,136,139
30,,RaiQuan Gray,PF,Apr 9 '23 BRK vs. PHI,23,1,1,35.00,6.00,12.00,2.00,5.00,2.00,2.00,3.00,9.00,7.00,0.00,1.00,4.00,5.00,16.00,grayra01,78.5,268.6,82.75,105,9.25,9,26.5,31.5,11.69,3.3,3.25,NA,105.40%,83.3,131.5,136.5
4,,Rawle Alkins,SG,Dec 17 '18 CHI @ OKC,21,1,10,12.00,1.30,3.90,0.30,1.20,0.80,1.20,1.10,2.60,1.30,0.10,0.00,0.80,0.70,3.70,alkinra01,74.75,217.4,80.75,99,8.5,10,32.5,40.5,11.5,3.09,3.15,10,108.00%,85,131.5,139.5
88,,Ray Spalding,PF,Oct 17 '18 DAL @ PHO,21,1,14,10.57,1.79,3.36,0.00,0.21,0.29,0.86,1.07,3.43,0.36,0.64,0.57,0.64,1.64,3.86,spaldra01,81,215.4,88.75,109,9.25,9,26,32,11.48,3.2,3.34,12,109.60%,83.3,135,141
74,,Rayan Rupert,SF,Oct 25 '23 POR @ LAC,19,1,39,16.23,1.38,4.13,0.72,2.00,0.49,0.64,0.62,2.36,1.59,0.31,0.08,0.79,1.44,3.97,ruperra01,78,193.2,86,106,8.5,9.5,27.5,32.5,11.18,NA,3.43,NA,110.30%,80.8,133.5,138.5
5,,Reece Beekman,PG,Oct 29 '24 GSW vs. NOP,23,1,36,13.03,0.97,2.97,0.19,1.11,0.44,0.58,0.36,1.08,1.75,0.92,0.06,0.58,1.00,2.58,beekmre01,73.3,196.4,78.5,100,9,9,30,37,11,3,3,NA,107.20%,76.5,130,137
85,,Reed Sheppard,PG,Oct 23 '24 HOU vs. CHO,20,1,52,12.58,1.62,4.60,0.92,2.73,0.25,0.31,0.31,1.50,1.44,0.67,0.33,0.71,1.02,4.40,sheppre01,73.8,181.6,75.3,93.5,7.75,9,32.5,42,10.96,3.03,3.08,NA,102.00%,69.8,126,135.5
67,,Reggie Perry,PF-C,Dec 22 '20 BRK vs. GSW,20,1,26,8.12,1.23,3.00,0.15,0.81,0.38,0.50,1.04,2.81,0.54,0.23,0.23,0.58,1.54,3.00,perryre01,80.25,249.6,84.25,106.5,9.25,11,30,33.5,11.26,2.57,3.25,NA,105.00%,101.8,136.5,140
19,,Ricky Council IV,SF,Jan 2 '24 PHI vs. CHI,22,1,32,9.03,1.69,3.50,0.38,1.00,1.66,2.22,0.44,1.44,0.50,0.25,0.03,0.16,0.53,5.41,councri01,77,208,81,103,7.75,8.5,31,37,11.2,3,3,NA,105.20%,65.9,134,140
94,,Robert Woodard II,SF,Dec 27 '20 SAC vs. PHO,21,1,13,3.46,0.62,1.54,0.08,0.46,0.23,0.62,0.31,1.23,0.15,0.00,0.23,0.08,0.31,1.54,woodaro01,77.5,230.2,86,105.5,9,10.8,32,38,11.1,2.49,3.18,NA,111.00%,96.8,137.5,143.5
35,,Ron Harper Jr.,SF,Oct 31 '22 TOR vs. ATL,22,1,9,5.33,0.89,1.78,0.33,1.00,0.11,0.11,0.33,0.78,0.44,0.00,0.11,0.00,0.33,2.22,harpero02,76,240.4,85.25,105.5,9.5,10,26,30.5,11.41,3.24,3.4,NA,112.20%,95,131.5,136
41,,Ron Holland,SF,Oct 23 '24 DET vs. IND,19,1,81,15.63,2.43,5.14,0.44,1.86,1.14,1.51,0.49,2.69,1.01,0.60,0.21,0.89,1.74,6.44,hollaro01,78.5,196.8,82.8,104,8.75,9,30,38,11.1,2.91,3.1,NA,105.40%,78.8,134,142
28,,Ryan Dunn,PF,Oct 23 '24 PHO @ LAC,22,1,74,19.05,2.77,6.45,1.11,3.57,0.26,0.53,1.24,3.61,0.77,0.59,0.54,0.54,2.19,6.91,dunnry01,78.3,213.6,85.5,103,9,10,32,39,10.99,3,3,NA,109.30%,87.8,135,142
65,,Ryan Rollins,SG,Oct 18 '22 GSW vs. LAL,20,1,12,5.17,0.58,1.67,0.25,0.75,0.50,0.50,0.25,1.00,0.50,0.08,0.08,1.33,0.83,1.92,rolliry01,74,179.2,81.75,100.5,8,8.5,30.5,36.5,11.26,3.28,3.07,NA,110.50%,68,131,137
41,,Sam Hauser,SF,Nov 20 '21 BOS vs. OKC,24,1,26,6.08,0.88,1.92,0.73,1.69,0.00,0.00,0.19,1.12,0.38,0.04,0.08,0.08,0.27,2.50,hausesa01,78.75,217.4,81.25,102,8.25,9,28.5,34.5,11.14,3.07,3.34,NA,103.20%,74.3,130.5,136.5
65,,Sandro Mamukelashvili,C,Oct 19 '21 MIL vs. BRK,22,1,41,9.93,1.39,2.80,0.54,1.27,0.44,0.54,0.85,2.00,0.54,0.22,0.22,0.37,0.68,3.76,mamuksa01,81,239.8,85.25,106.5,9,9.5,30.5,36.5,11.63,3.3,3.21,NA,105.20%,85.5,137,143
6,,Scottie Barnes,SF,Oct 20 '21 TOR vs. WAS,20,1,74,35.36,6.20,12.59,0.78,2.61,2.14,2.91,2.64,7.53,3.46,1.08,0.74,1.84,2.59,15.32,barnesc01,79,225.4,86.75,108,9.25,10.3,36,39.5,10.88,2.99,3.15,NA,109.80%,94.8,144,147.5
62,,Scottie Lewis,SF,Dec 13 '21 CHO @ DAL,21,1,2,3.50,0.00,0.00,0.00,0.00,0.50,1.00,0.00,0.00,0.50,0.50,0.00,0.00,0.00,0.50,lewissc01,76,187.6,84,101.5,8.75,9.8,34,42,10.45,3.03,2.98,NA,110.50%,85.3,135.5,143.5
59,,Scotty Pippen Jr.,PG,Oct 18 '22 LAL @ GSW,22,1,6,5.33,0.67,2.00,0.17,0.50,0.83,1.50,0.33,0.67,0.33,0.33,0.17,0.33,0.50,2.33,pippesc02,72,180,77.75,95.5,7.75,9,30.5,37.5,11.07,3.1,3.21,NA,108.00%,69.8,126,133
54,,Seth Lundy,SF,Dec 15 '23 ATL @ TOR,23,1,9,5.78,0.44,1.89,0.33,1.44,0.33,0.44,0.11,0.78,0.00,0.00,0.00,0.11,0.67,1.56,lundyse01,76,214.4,82.3,104,8.5,9,31.5,35.5,11.02,NA,3.15,NA,108.20%,76.5,135.5,139.5
72,,Shake Milton,SG-PG,Nov 30 '18 PHI vs. WAS,22,1,20,13.40,1.70,4.35,0.70,2.20,0.25,0.35,0.45,1.75,0.90,0.40,0.40,0.30,1.45,4.35,miltosh01,76.5,207.2,84.75,99.5,8.75,9.5,30,33,11.07,3.19,3.25,2,110.80%,83.1,129.5,132.5
16,,Sidy Cissoko,SF,Nov 20 '23 SAS vs. LAC,19,1,12,11.75,1.33,2.75,0.08,1.00,1.00,1.25,0.67,1.83,0.83,0.58,0.25,0.25,1.50,3.75,cissosi01,77.5,223.8,81.8,104,9.25,10,31,36,11.24,NA,3,NA,105.50%,92.5,135,140
55,,Skylar Mays,SG,Dec 23 '20 ATL @ CHI,23,1,33,8.15,1.33,2.97,0.42,1.21,0.67,0.76,0.30,1.06,0.91,0.42,0.06,0.27,0.45,3.76,mayssk01,75,204,78,99,8,9.8,29,37.5,10.65,2.4,3.3,NA,104.00%,78,128,136.5
13,,Stephon Castle,SG,Oct 24 '24 SAS @ DAL,20,1,81,26.69,5.22,12.20,1.17,4.11,3.07,4.25,1.10,3.67,4.10,0.91,0.27,2.19,2.02,14.69,castlst01,77.5,210,81,102,9,9,29,37,10.93,3,3,NA,104.50%,76.6,131,139
74,,Svi Mykhailiuk,SG-SF,Oct 22 '18 LAL vs. SAS,21,1,42,10.48,1.10,3.33,0.69,2.12,0.29,0.48,0.21,0.86,0.88,0.33,0.02,0.50,0.60,3.17,mykhasv01,78.5,211.6,76.75,100,8.25,9.5,30.5,37,11.25,3.18,3.15,4,97.80%,78.4,130.5,137
37,,Taylor Hendricks,PF,Oct 25 '23 UTA vs. SAC,20,1,40,21.40,2.70,6.00,1.33,3.50,0.58,0.73,1.15,4.63,0.80,0.70,0.75,0.68,1.93,7.30,hendrta01,80.3,213.6,84.5,107,9.25,10.3,33,36,11.27,NA,3,NA,105.30%,94.8,140,143
84,,Terquavion Smith,SG,Jan 19 '24 PHI @ ORL,21,1,16,5.25,1.13,2.88,0.81,2.19,0.19,0.31,0.00,0.25,0.75,0.50,0.00,0.44,0.50,3.25,smithte01,74.5,163.2,78.8,98,8.5,8,30,37,10.86,NA,3.21,NA,105.70%,68,128,135
77,,Theo Pinson,SG-SF,Oct 20 '18 BRK @ IND,23,1,18,11.72,1.39,4.06,0.67,2.56,1.06,1.22,0.22,2.00,1.17,0.33,0.00,1.00,0.83,4.50,pinsoth01,77,211.2,82.75,103.5,9,9,27,34,11.53,3.11,3.22,7,107.50%,81,130.5,137.5
77,,Theo Pinson,PF,Oct 20 '18 BRK @ IND,23,1,18,11.72,1.39,4.06,0.67,2.56,1.06,1.22,0.22,2.00,1.17,0.33,0.00,1.00,0.83,4.50,pinsoth01,80.8,217.4,85.5,110,8.5,9.8,27.5,32,11.45,3.05,3.37,NA,105.90%,82.9,137.5,142
101,,Thomas Welsh,PG,Oct 17 '18 DEN @ LAC,22,1,11,3.27,0.64,1.18,0.27,0.64,0.09,0.18,0.00,0.36,0.45,0.00,0.00,0.09,0.27,1.64,welshth01,75,198.8,80.25,100,8.5,9.8,25,31.5,11.89,3.4,3.17,0,107.00%,82.9,125,131.5
12,,Toumani Camara,PF,Oct 25 '23 POR @ LAC,23,1,70,24.84,2.81,6.26,0.83,2.46,1.07,1.41,1.99,4.90,1.24,0.94,0.47,1.20,2.49,7.53,camarto01,79,220.4,84.5,107,9,10,29,33,11,3,3,NA,107.00%,90,136,140
45,,Trayce Jackson-Davis,C,Oct 27 '23 GSW @ SAC,23,1,68,16.62,3.43,4.88,0.00,0.01,1.09,1.94,1.99,5.01,1.21,0.43,1.12,0.72,1.59,7.94,jackstr02,80.3,240.4,85,106,9.25,10.8,33,37,11.8,3,3,NA,105.90%,99.4,139,143
117,,Trendon Watford,PF,Nov 14 '21 POR @ DEN,21,1,48,18.10,2.96,5.56,0.19,0.79,1.48,1.96,1.19,4.15,1.69,0.52,0.58,0.92,2.42,7.58,watfotr01,79.5,237.4,86.25,105,9.5,9.5,28,35,11.69,3.23,3.27,NA,108.50%,90.3,133,140
25,,Trent Forrest,PG,Jan 5 '21 UTA @ BRK,22,1,30,10.07,1.07,2.37,0.17,0.87,0.63,0.63,0.37,1.47,1.50,0.30,0.13,0.70,0.73,2.93,forretr01,75.5,203,79.5,102.5,9,9.8,28,34.5,11.04,2.5,3.18,NA,105.30%,87.8,130.5,137
34,,Trentyn Flowers,SF,Dec 4 '24 LAC vs. MIN,19,1,6,4.50,0.67,1.83,0.00,0.33,0.50,0.50,0.17,0.67,0.00,0.00,0.00,0.17,0.67,1.83,flowetr01,78.5,201.4,80.3,100.5,9,10,35,42,11.01,3,3,NA,102.20%,83.1,135.5,142.5
37,,Trevon Duval,PG,Feb 8 '19 MIL @ DAL,20,1,3,2.00,0.67,1.00,0.33,0.33,0.00,0.00,0.00,0.33,0.67,0.00,0.00,0.00,0.00,1.67,duvaltr01,73.5,191,80.25,97.5,8.75,10,34,41.5,10.93,3.09,3.18,6,109.20%,87.5,131.5,139
43,,Trevor Keels,SG,Oct 21 '22 NYK vs. DET,19,1,3,2.67,0.33,1.33,0.33,1.33,0.00,0.00,0.00,0.67,0.00,0.00,0.00,0.00,0.00,1.00,keelstr01,75.25,223.8,79.25,101,8.25,9,24.5,31,11.33,3.32,3.27,NA,105.30%,74.3,125.5,132
1,,Trey Alexander,SG,Oct 24 '24 DEN vs. OKC,21,1,24,4.88,0.54,1.71,0.13,0.71,0.13,0.17,0.04,0.50,0.46,0.08,0.04,0.21,0.42,1.33,alexatr01,75.3,187,82.5,101.5,9,10,27,32,11,3,3,NA,109.60%,87.5,128.5,133.5
76,,Trey Murphy III,SF,Oct 20 '21 NOP vs. PHI,21,1,62,13.94,1.76,4.47,1.15,3.00,0.73,0.82,0.76,2.37,0.61,0.37,0.11,0.26,0.97,5.39,murphtr02,79.5,206,84,105.5,8.5,9,34,38,11.65,3.32,3.14,NA,105.70%,76.5,139.5,143.5
22,,Tristan Da Silva,PF,Oct 23 '24 ORL @ MIA,23,1,74,22.01,2.69,6.53,1.08,3.23,0.74,0.85,0.99,3.31,1.53,0.45,0.24,0.76,1.27,7.20,dasiltr01,80.3,216.8,82.3,104.5,9,10,29,36,10.81,3,3,NA,102.50%,85.5,133.5,140.5
93,,Tristan Vukcevic,C,Mar 23 '24 WAS vs. TOR,20,1,10,15.30,2.90,6.70,1.00,3.60,1.70,2.20,0.60,3.60,1.30,0.50,0.70,1.00,2.80,8.50,vukcetr01,83.3,223.4,86.5,111,9,10.3,26,30.5,11.71,3.16,3.43,NA,103.90%,92.3,137,141.5
69,,Tristen Newton,PG,Nov 18 '24 IND @ TOR,23,1,8,2.00,0.13,1.00,0.00,0.38,0.13,0.13,0.25,0.50,0.25,0.13,0.00,0.25,0.50,0.38,newtotr01,75.3,191.8,78.8,100,8.5,9,25,32.5,10.96,2.84,3.24,NA,104.70%,76.5,125,132.5
20,,Troy Brown Jr.,SF,Oct 24 '18 WAS @ GSW,19,1,52,14.04,1.87,4.50,0.42,1.33,0.62,0.90,0.67,2.79,1.54,0.40,0.10,0.58,1.08,4.77,browntr01,77.75,208,82.25,105,9,9.8,26,33,11.51,3.29,3.33,5,105.80%,87.8,131,138
2,,Ty-Shon Alexander,SG,Dec 27 '20 PHO @ SAC,22,1,15,3.13,0.20,0.80,0.13,0.60,0.07,0.13,0.13,0.67,0.40,0.00,0.07,0.20,0.13,0.60,alexaty01,74,200.8,80,100,8.75,8.8,28,33,11.33,2.47,3.26,NA,108.10%,76.6,128,133
9,,Tyler Bey,PF,Jan 13 '21 DAL @ CHO,22,1,18,3.94,0.39,1.22,0.06,0.22,0.17,0.28,0.44,1.06,0.17,0.00,0.06,0.17,0.33,1.00,beyty01,78,212.8,85.25,105.5,8.5,9,37,43.5,11.35,2.75,3.17,NA,109.30%,76.5,142.5,149
56,,Tyler Kolek,PG,Oct 22 '24 NYK @ BOS,23,1,41,7.22,0.66,2.00,0.34,1.15,0.32,0.41,0.20,0.66,1.71,0.29,0.10,0.44,0.63,1.98,kolekty01,73.3,196.6,74.8,95,8.25,9.5,27,34,10.97,3.08,3.27,NA,102.00%,78.4,122,129
89,,Tyler Smith,PF,Oct 23 '24 MIL @ PHI,20,1,23,5.30,1.04,2.17,0.57,1.30,0.26,0.35,0.26,1.09,0.17,0.13,0.17,0.35,0.48,2.91,smithty02,81,223.8,85,105,8.5,9,32,38,10.74,2.99,3.28,NA,104.90%,76.5,137,143
83,,Tyrell Terry,PG,Dec 25 '20 DAL @ LAL,20,1,11,5.09,0.45,1.45,0.00,0.64,0.09,0.27,0.00,0.55,0.55,0.45,0.00,0.18,0.18,1.00,terryty01,73.5,170,73.75,96,7.5,8.3,30,34,10.78,2.59,3.28,NA,100.30%,61.9,126,130
5,,Udoka Azubuike,C,Dec 23 '20 UTA @ POR,21,1,15,3.80,0.27,0.60,0.00,0.00,0.53,0.67,0.27,0.87,0.00,0.07,0.27,0.20,0.60,1.07,azubuud01,82,259.5,91.25,109,9.25,10,37,41,11.82,3.61,3.23,NA,111.30%,92.5,146,150
14,,Ulrich Chomche,C,Oct 23 '24 TOR vs. CLE,19,1,7,4.57,0.29,0.71,0.00,0.00,0.14,0.29,0.57,1.14,0.29,0.00,0.14,0.29,0.71,0.71,chomcul01,82.3,232.4,88,109,9,10,29,36,11.74,3,3,NA,107.00%,94.8,138,145
56,,Wendell Moore Jr.,SG,Oct 23 '22 MIN @ OKC,21,1,29,5.28,0.62,1.48,0.07,0.59,0.14,0.17,0.14,0.62,0.62,0.28,0.17,0.28,0.45,1.45,moorewe01,76.25,217.2,84.5,101,8.75,10.3,32.5,38.5,10.94,3.21,3.3,NA,110.80%,89.7,133.5,139.5
86,,Xavier Tillman Sr.,PF-C,Jan 3 '21 MEM vs. LAL,22,1,59,18.39,2.83,5.07,0.37,1.10,0.58,0.90,1.25,4.34,1.27,0.75,0.56,0.76,1.97,6.61,tillmxa01,79.5,266.5,86,106,10.25,11,26,32.5,11.8,3.01,3.49,NA,108.20%,112.8,132,138.5
68,,Yante Maten,PF-C,Apr 9 '19 MIA vs. PHI,22,1,2,6.50,0.50,2.00,0.00,0.50,0.00,0.00,0.50,1.50,0.00,0.50,0.00,0.00,0.00,1.00,matenya01,79.25,246.2,84.5,107.5,9.25,10,27,31.5,11.35,3.13,3.17,18,106.60%,92.5,134.5,139
66,,Yves Missi,C,Oct 23 '24 NOP vs. CHI,20,1,73,26.79,3.68,6.74,0.00,0.01,1.74,2.79,3.49,8.23,1.36,0.51,1.34,1.12,1.99,9.11,missiyv01,82.8,229.4,86,109.5,9.5,10,31,38.5,11.45,3.12,3.12,NA,103.90%,95,140.5,148
84,,Yves Pons,PF,Nov 12 '21 MEM vs. PHO,22,1,12,5.92,0.42,1.33,0.25,0.75,0.00,0.17,0.42,1.00,0.08,0.08,0.33,0.08,0.50,1.08,ponsyv01,77.5,206.4,84.75,104,9,9.3,36,42.5,10.89,3.05,3.1,NA,109.40%,83.3,140,146.5
77,,Zaccharie Risacher,SF,Oct 23 '24 ATL vs. BRK,19,1,75,24.57,4.76,10.39,1.63,4.59,1.41,1.99,1.15,3.57,1.23,0.69,0.49,1.23,1.99,12.56,risacza01,80.5,194.6,81.5,107,8.5,8.8,25,31,11.51,2.97,3.38,NA,101.20%,74.4,132,138
29,,Zach Edey,C,Oct 23 '24 MEM @ UTA,22,1,66,21.45,3.80,6.56,0.27,0.79,1.36,1.92,3.52,8.30,0.98,0.55,1.29,1.33,2.76,9.24,edeyza01,87.8,299,94.8,115,10,11,26,32,11.19,3,3,NA,108.00%,107.5,141,147
60,,Zeke Nnaji,PF-C,Dec 28 '20 DEN vs. HOU,20,1,42,9.45,1.19,2.48,0.57,1.40,0.29,0.36,0.33,1.55,0.24,0.19,0.10,0.17,0.69,3.24,nnajize01,81.25,246.8,86,105.5,9,10.5,33,38,10.94,2.72,3.2,NA,105.80%,94.5,138.5,143.5
87,,Zhaire Smith,SF-SG,Mar 25 '19 PHI @ ORL,19,1,6,18.50,2.33,5.67,1.00,2.67,1.00,1.33,0.50,2.17,1.67,0.33,0.33,1.00,1.33,6.67,smithzh01,74.75,198.6,81.75,100,8.75,8.3,33,41.5,11.02,3.15,3.05,10,109.40%,72.2,133,141.5
122,,Ziaire Williams,SF,Oct 20 '21 MEM vs. CLE,20,1,62,21.71,3.08,6.84,1.23,3.90,0.69,0.89,0.42,2.08,1.05,0.56,0.19,0.66,1.82,8.08,willizi02,80.25,188.4,82.25,106.5,9,8.8,34,39.5,10.69,3.04,3.12,NA,102.50%,78.8,140.5,146