Team,Player,Age,Pos,G,GS,MP,FG,FGA,FG%,3P,3PA,3P%,2P,2PA,2P%,eFG%,FT,FTA,FT%,ORB,DRB,TRB,AST,STL,BLK,TOV,PF,PTS,Awards,SALARY
MIL,A.J. Green,25,SG,73,7,22.7,2.5,5.8,0.429,2.1,5,0.427,0.4,0.8,0.443,0.612,0.3,0.4,0.815,0.2,2.1,2.4,1.5,0.5,0.1,0.5,2.2,7.4,,2120693
TOR,A.J. Lawson,24,SG,26,2,18.7,3.1,7.3,0.421,1.3,3.9,0.327,1.8,3.4,0.528,0.508,1.7,2.4,0.683,0.8,2.5,3.3,1.2,0.5,0.2,0.6,1.7,9.1,,2120693
DEN,Aaron Gordon,29,PF,51,42,28.4,5.2,9.7,0.531,1.5,3.4,0.436,3.7,6.4,0.582,0.607,2.8,3.5,0.81,1.6,3.3,4.8,3.2,0.5,0.3,1.4,1.6,14.7,,22841455
HOU,Aaron Holiday,28,PG,62,3,12.8,1.9,4.3,0.437,1.2,2.9,0.398,0.7,1.4,0.517,0.571,0.5,0.7,0.829,0.2,1,1.3,1.3,0.3,0.2,0.6,1,5.5,,4668000
IND,Aaron Nesmith,25,SF,45,37,25,4.3,8.4,0.507,1.9,4.3,0.431,2.4,4.1,0.587,0.617,1.6,1.8,0.913,0.8,3.1,4,1.2,0.8,0.4,0.8,2.5,12,,11000000
OKC,Aaron Wiggins,26,SG,76,26,22.9,4.7,9.6,0.488,1.7,4.5,0.383,3,5.1,0.578,0.577,1,1.2,0.831,1.1,2.8,3.9,1.8,0.8,0.2,0.9,1.3,12,,10514017
PHI,Adem Bona,21,C,58,11,15.6,2.3,3.3,0.703,0,0,0,2.3,3.3,0.707,0.703,1.2,1.7,0.67,1.6,2.6,4.2,0.5,0.4,1.2,1.1,2.2,5.8,,1157153
2TM,AJ Johnson,20,SG,29,11,22,2.8,7.3,0.385,0.8,3.1,0.267,2,4.2,0.472,0.441,1.1,1.3,0.865,0.3,1.8,2,2.6,0.4,0.1,1.2,1.7,7.6,,2795294
MIL,AJ Johnson,20,SG,7,0,6.3,1.1,2.7,0.421,0.4,0.7,0.6,0.7,2,0.357,0.5,0.1,0.3,0.5,0,1,1,1,0.1,0,0.6,0,2.9,,2795294
WAS,AJ Johnson,20,SG,22,11,27,3.4,8.8,0.381,1,3.9,0.247,2.4,5,0.486,0.436,1.4,1.6,0.886,0.4,2,2.4,3.1,0.5,0.1,1.4,2.3,9.1,,2795294
OKC,Ajay Mitchell,22,SG,36,1,16.6,2.5,5.1,0.495,0.6,1.7,0.383,1.9,3.4,0.548,0.557,0.8,1,0.829,0.5,1.4,1.9,1.8,0.7,0.1,0.8,1.9,6.5,,3000000
BOS,Al Horford,38,C,60,42,27.7,3.3,7.7,0.423,1.9,5.2,0.363,1.4,2.5,0.551,0.547,0.6,0.6,0.895,1.3,4.8,6.2,2.1,0.6,0.9,0.8,1.4,9,,9500000
MIA,Alec Burks,33,SG,49,14,17.6,2.3,5.5,0.424,1.8,4.2,0.425,0.6,1.3,0.422,0.587,0.8,1,0.776,0.3,2.2,2.5,1.1,0.6,0.1,0.6,0.8,7.3,,2087519
OKC,Alex Caruso,30,SG,54,3,19.3,2.6,5.8,0.446,1.1,3.1,0.353,1.5,2.7,0.556,0.541,0.8,0.9,0.824,0.7,2.2,2.9,2.5,1.6,0.6,0.7,1.9,7.1,6MOY-8,9890000
2TM,Alex Len,31,C,46,7,8.3,0.7,1.4,0.508,0,0.2,0.222,0.7,1.2,0.556,0.524,0.2,0.4,0.471,0.8,1.2,2.1,0.8,0.2,0.5,0.4,1.2,1.6,,743829
SAC,Alex Len,31,C,36,3,7.2,0.6,1.1,0.537,0,0.2,0.167,0.6,1,0.6,0.549,0.2,0.4,0.538,0.7,1.1,1.8,0.8,0.2,0.5,0.3,1,1.4,,743829
LAL,Alex Len,31,C,10,4,12.2,1,2.2,0.455,0.1,0.3,0.333,0.9,1.9,0.474,0.477,0.1,0.4,0.25,1.3,1.8,3.1,0.8,0.1,0.3,0.9,2.1,2.2,,743829
WAS,Alex Sarr,19,C,67,67,27.1,4.9,12.4,0.394,1.6,5.1,0.308,3.3,7.3,0.454,0.457,1.7,2.5,0.679,1.9,4.6,6.5,2.4,0.7,1.5,1.7,2.2,13,ROY-4,11245680
HOU,Alperen Şengün,22,C,76,76,31.5,7.5,15,0.496,0.3,1.2,0.233,7.2,13.9,0.519,0.505,3.9,5.6,0.692,3.4,6.9,10.3,4.9,1.1,0.8,2.6,2.8,19.1,AS,5424654
HOU,Amen Thompson,22,SF,69,42,32.2,5.6,10.1,0.557,0.4,1.3,0.275,5.3,8.8,0.599,0.575,2.4,3.6,0.684,2.8,5.4,8.2,3.8,1.4,1.3,2,2.4,14.1,"DPOY-5,DEF1",9249960
LAC,Amir Coffey,27,SG,72,13,24.3,3.3,7.1,0.471,1.4,3.4,0.409,1.9,3.7,0.529,0.57,1.6,1.8,0.891,0.4,1.8,2.2,1.1,0.6,0.1,0.6,1.7,9.7,,3938271
PHI,Andre Drummond,31,C,40,23,18.8,2.9,5.9,0.5,0.1,0.5,0.15,2.9,5.4,0.533,0.506,1.4,2.3,0.622,2.7,5,7.8,0.9,1,0.5,1.4,2.4,7.3,,5000000
MIL,Andre Jackson Jr.,23,SG,67,43,14.6,1.4,2.9,0.477,0.4,1.1,0.395,1,1.8,0.529,0.553,0.2,0.4,0.5,1,1.7,2.7,1.2,0.5,0.2,0.9,1.7,3.4,,1891857
IND,Andrew Nembhard,25,SG,65,65,28.9,3.8,8.3,0.458,0.8,2.7,0.291,3,5.6,0.538,0.506,1.7,2.1,0.794,0.5,2.8,3.3,5,1.2,0.2,1.7,2.3,10,,2019699
2TM,Andrew Wiggins,29,SF,60,60,30.7,6.3,14,0.448,2.2,5.8,0.374,4.1,8.2,0.501,0.526,3.3,4.3,0.763,1.5,3,4.5,2.6,1,0.8,1.7,1.7,18,,26276786
GSW,Andrew Wiggins,29,SF,43,43,30.1,6.1,13.7,0.444,2.2,5.8,0.379,3.9,7.9,0.491,0.524,3.2,4.2,0.777,1.5,3,4.6,2.4,0.9,0.8,1.3,1.6,17.6,,26276786
MIA,Andrew Wiggins,29,SF,17,17,32.1,6.8,14.8,0.458,2.1,5.9,0.36,4.6,8.9,0.523,0.53,3.4,4.6,0.731,1.4,2.9,4.2,3.3,1.2,1,2.5,1.8,19,,26276786
POR,Anfernee Simons,25,SG,70,70,32.7,6.8,16.1,0.426,3.1,8.5,0.363,3.8,7.6,0.496,0.521,2.5,2.8,0.902,0.4,2.3,2.7,4.8,0.9,0.1,2,1.7,19.3,,25892857
ORL,Anthony Black,21,PG,78,10,24.2,3.4,7.9,0.423,0.8,2.5,0.318,2.6,5.4,0.471,0.473,1.9,2.5,0.761,0.7,2.3,2.9,3.1,1.1,0.6,1.8,2.1,9.4,,7607760
2TM,Anthony Davis,31,C,51,51,33.5,9.2,17.8,0.516,0.7,2.4,0.282,8.5,15.4,0.553,0.536,5.6,7.2,0.775,2.6,8.9,11.6,3.5,1.2,2.2,2.2,1.9,24.7,AS,43219440
LAL,Anthony Davis,31,C,42,42,34.3,9.5,18,0.528,0.7,2.2,0.298,8.9,15.8,0.56,0.546,6,7.6,0.788,2.8,9,11.9,3.4,1.3,2.1,2.2,2,25.7,,43219440
DAL,Anthony Davis,31,PF,9,9,29.6,7.8,16.9,0.461,0.8,3.3,0.233,7,13.6,0.516,0.484,3.7,5.3,0.688,1.7,8.4,10.1,4.4,0.6,2.2,2.2,1.8,20,,43219440
MIN,Anthony Edwards,23,SG,79,79,36.3,9.1,20.4,0.447,4.1,10.3,0.395,5.1,10.1,0.501,0.547,5.3,6.3,0.837,0.8,4.9,5.7,4.5,1.2,0.6,3.2,1.9,27.6,"MVP-7,CPOY-3,AS,NBA2",42176400
WAS,Anthony Gill,32,PF,51,0,7.8,0.8,1.7,0.489,0.2,0.6,0.323,0.6,1.1,0.579,0.545,0.6,1,0.66,0.4,0.9,1.3,0.3,0.2,0,0.2,0.6,2.5,,2237691
NOP,Antonio Reeves,24,SG,44,6,15,2.6,5.6,0.456,1.2,2.9,0.395,1.4,2.7,0.521,0.558,0.6,0.8,0.8,0.4,1,1.4,0.9,0.5,0.1,0.7,0.9,6.9,,1157153
NYK,Ariel Hukporti,22,C,25,1,8.7,0.8,1.2,0.677,0,0,,0.8,1.2,0.677,0.677,0.2,0.5,0.462,0.6,1.5,2,0.4,0,0.6,0.8,1.3,1.9,,1064558
DET,Ausar Thompson,22,SF,59,48,22.5,4.2,7.8,0.535,0.2,0.8,0.224,4,7,0.572,0.547,1.5,2.4,0.641,1.9,3.3,5.1,2.3,1.7,0.7,1.4,2.8,10.1,,8376000
LAL,Austin Reaves,26,SG,73,73,34.9,6.5,14.2,0.46,2.7,7.3,0.377,3.8,6.9,0.547,0.556,4.4,5,0.877,0.8,3.7,4.5,5.8,1.1,0.3,2.4,2.1,20.2,,12976362
CHI,Ayo Dosunmu,25,SG,46,26,30.3,4.8,9.8,0.492,1.3,4.1,0.328,3.5,5.7,0.612,0.561,1.3,1.7,0.785,0.6,2.9,3.5,4.5,0.9,0.4,1.5,2.3,12.3,,7000000
MIA,Bam Adebayo,27,C,78,78,34.3,6.9,14.3,0.485,1,2.8,0.357,5.9,11.4,0.517,0.521,3.2,4.2,0.765,2.4,7.2,9.6,4.3,1.3,0.7,2.1,2.1,18.1,DPOY-10,34848340
BOS,Baylor Scheierman,24,SG,31,2,12.4,1.3,3.5,0.355,0.8,2.6,0.317,0.4,0.9,0.464,0.473,0.3,0.4,0.75,0.6,1.5,2.1,1.1,0.5,0.1,0.4,0.7,3.6,,2494320
IND,Ben Sheppard,23,SG,63,9,19.5,1.9,4.6,0.418,1.1,3.2,0.342,0.8,1.4,0.591,0.537,0.4,0.4,0.889,0.7,2.1,2.8,1.3,0.6,0.2,0.3,2,5.3,,2663880
2TM,Ben Simmons,28,PG,51,24,22,2.3,4.4,0.52,0,0,,2.3,4.4,0.52,0.52,0.5,0.6,0.727,0.9,3.8,4.7,5.6,0.7,0.5,2,2.1,5,,755826
BRK,Ben Simmons,28,PG,33,24,25,2.8,5.2,0.547,0,0,,2.8,5.2,0.547,0.547,0.5,0.8,0.692,0.9,4.3,5.2,6.9,0.8,0.5,2.7,2.5,6.2,,755826
LAC,Ben Simmons,28,PG,18,0,16.4,1.3,2.9,0.434,0,0,,1.3,2.9,0.434,0.434,0.3,0.4,0.857,0.9,2.9,3.8,3.1,0.7,0.4,0.8,1.4,2.9,,755826
IND,Bennedict Mathurin,22,SF,72,49,29.8,5.4,11.8,0.458,1.4,4,0.34,4.1,7.8,0.519,0.516,3.8,4.6,0.831,1.2,4.1,5.3,1.9,0.7,0.3,1.9,2.3,16.1,,7245720
WAS,Bilal Coulibaly,20,SF,59,59,33,4.5,10.6,0.421,1.1,3.8,0.281,3.4,6.8,0.5,0.472,2.3,3.1,0.746,1.5,3.4,5,3.4,1.3,0.7,2.1,2.4,12.3,,6945240
SAS,Bismack Biyombo,32,C,28,26,18.9,2.4,4.1,0.588,0,0,,2.4,4.1,0.588,0.588,0.4,0.9,0.4,1.5,4.1,5.6,1.1,0.6,0.8,1,1.9,5.1,,503884
SAS,Blake Wesley,21,SG,58,0,11.8,1.4,3.2,0.435,0.3,1,0.293,1.1,2.2,0.5,0.481,0.7,1.1,0.623,0.3,0.8,1.1,2,0.6,0.1,0.9,0.8,3.7,,2624280
MIL,Bobby Portis,29,PF,49,7,25.4,5.7,12.1,0.466,1.3,3.6,0.365,4.3,8.5,0.508,0.52,1.2,1.5,0.836,1.8,6.6,8.4,2.1,0.7,0.5,1.2,1.9,13.9,,12578286
DET,Bobi Klintman,21,SF,8,0,5.3,0.8,1.3,0.6,0.3,0.6,0.4,0.5,0.6,0.8,0.7,0.1,0.3,0.5,0.1,0.8,0.9,0.9,0.3,0.1,0.1,1,1.9,,1257153
2TM,Bogdan Bogdanović,32,SG,54,4,25,3.9,9.1,0.427,1.9,5.4,0.363,1.9,3.8,0.517,0.534,1.1,1.2,0.879,0.4,2.5,2.9,2.7,0.8,0.2,1.4,2.4,10.8,,17260000
ATL,Bogdan Bogdanović,32,SG,24,0,24.9,3.5,9.3,0.371,1.8,6.1,0.301,1.6,3.3,0.5,0.469,1.3,1.4,0.882,0.5,2.3,2.8,2,0.8,0.3,1.5,2.4,10,,17260000
LAC,Bogdan Bogdanović,32,SG,30,4,25,4.2,8.9,0.474,2,4.8,0.427,2.2,4.2,0.528,0.588,0.9,1.1,0.875,0.4,2.7,3.1,3.2,0.7,0.2,1.2,2.3,11.4,,17260000
PHO,Bol Bol,25,PF,36,10,12.4,2.7,5.1,0.525,0.9,2.6,0.344,1.8,2.5,0.711,0.612,0.6,0.7,0.769,0.6,2.3,2.9,0.6,0.3,0.7,0.6,0.6,6.8,,2087519
2TM,Bones Hyland,24,PG,24,0,10,2,4.9,0.398,1.3,3.4,0.39,0.6,1.5,0.417,0.534,1,1.1,0.885,0.2,0.8,1,1.3,0.8,0.2,1,1.2,6.2,,4158439
LAC,Bones Hyland,24,PG,20,0,11.1,2.3,5.8,0.391,1.6,4,0.388,0.7,1.8,0.4,0.526,1.2,1.3,0.885,0.3,1,1.2,1.4,0.9,0.2,1.2,1.3,7.2,,4158439
MIN,Bones Hyland,24,PG,4,0,4.3,0.5,0.8,0.667,0.3,0.5,0.5,0.3,0.3,1,0.833,0,0,,0,0.3,0.3,1,0,0,0.3,0.8,1.3,,4158439
PHO,Bradley Beal,31,SG,53,38,32.1,6.5,13.1,0.497,1.9,5,0.386,4.6,8.1,0.565,0.571,2.1,2.6,0.803,0.6,2.7,3.3,3.7,1.1,0.5,1.9,2.6,17,,50203930
OKC,Branden Carlson,25,C,32,0,7.7,1.3,3,0.443,0.7,2.1,0.333,0.7,1,0.677,0.557,0.4,0.6,0.778,0.5,1.2,1.7,0.4,0.2,0.7,0.2,0.7,3.8,,990895
GSW,Brandin Podziemski,21,SG,64,33,26.8,4.4,9.8,0.445,1.8,4.8,0.372,2.6,5,0.516,0.537,1.1,1.5,0.758,1,4.1,5.1,3.4,1.1,0.2,1.2,1.5,11.7,,3519960
NOP,Brandon Boston Jr.,23,SG,42,10,23.6,4,9.1,0.436,1.2,3.3,0.35,2.8,5.7,0.485,0.5,1.6,2,0.788,0.7,2.5,3.2,2.2,1.3,0.2,1.2,1.7,10.7,,596581
MEM,Brandon Clarke,28,PF,64,18,18.9,3.7,5.9,0.621,0,0.3,0.059,3.7,5.7,0.647,0.622,1,1.4,0.701,2,3.1,5.1,1,0.8,0.6,0.6,2.3,8.3,,12500000
NOP,Brandon Ingram,27,SF,18,18,33.1,8.6,18.5,0.465,2.4,6.4,0.374,6.2,12.1,0.514,0.53,2.6,3.1,0.855,0.9,4.6,5.6,5.2,0.9,0.6,3.8,2.5,22.2,,36016200
CHO,Brandon Miller,22,SF,27,27,34.2,7.3,18.2,0.403,3.9,10.9,0.355,3.5,7.3,0.475,0.509,2.5,2.9,0.861,0.9,3.9,4.9,3.6,1.1,0.7,2.8,2.7,21,,11424600
UTA,Brice Sensabaugh,21,SF,71,15,20.2,3.9,8.4,0.459,2.2,5.2,0.422,1.7,3.2,0.52,0.59,0.9,1,0.89,0.6,2.4,3,1.5,0.6,0.1,1.5,1.6,10.9,,2571480
LAL,Bronny James,20,SG,27,1,6.7,0.8,2.5,0.313,0.3,1.2,0.281,0.4,1.3,0.343,0.381,0.4,0.5,0.786,0.1,0.5,0.7,0.8,0.3,0.1,0.5,0.5,2.3,,1157153
MIL,Brook Lopez,36,C,80,80,31.8,4.9,9.7,0.509,1.7,4.7,0.373,3.2,5,0.636,0.599,1.4,1.7,0.826,1.4,3.6,5,1.8,0.6,1.9,1.1,2.1,13,,23000000
2TM,Bruce Brown,28,PG,41,12,22.5,3.2,7.5,0.421,0.7,2,0.333,2.5,5.6,0.452,0.464,1.3,1.6,0.815,1,3,4,2,0.8,0.2,1,1.7,8.3,,23000000
TOR,Bruce Brown,28,PG,18,0,19.6,3.2,7.3,0.435,0.6,2,0.306,2.6,5.3,0.484,0.477,1.4,1.6,0.897,0.9,2.8,3.8,1.6,0.9,0.2,1.1,1.4,8.4,,23000000
NOP,Bruce Brown,28,PG,23,12,24.7,3.2,7.7,0.41,0.7,2,0.356,2.5,5.8,0.429,0.455,1.2,1.6,0.75,1,3.2,4.2,2.4,0.7,0.3,0.9,2,8.2,,23000000
TOR,Bruno Fernando,26,C,17,2,8.6,1.5,2.9,0.531,0,0,,1.5,2.9,0.531,0.531,0.4,0.5,0.75,1.2,1.8,3,1.1,0.2,0.5,0.8,1.6,3.4,,2087519
POR,Bryce McGowens,22,SG,13,0,2.5,0.3,1.1,0.286,0,0.3,0,0.3,0.8,0.4,0.286,0.4,0.5,0.833,0.2,0.1,0.2,0.2,0.1,0,0.3,0.2,1,,2019699
WAS,Bub Carrington,19,PG,82,57,30,3.7,9.1,0.401,1.7,5,0.339,2,4.2,0.475,0.493,0.8,1,0.812,0.4,3.8,4.2,4.4,0.7,0.3,1.7,2.3,9.8,,4454880
GSW,Buddy Hield,32,SG,82,22,22.7,4,9.6,0.417,2.5,6.7,0.37,1.5,2.9,0.527,0.546,0.6,0.8,0.828,0.6,2.6,3.2,1.6,0.8,0.3,1.1,1.6,11.1,,8780488
DET,Cade Cunningham,23,PG,70,70,35,9.8,20.8,0.469,2.1,6,0.356,7.6,14.8,0.515,0.521,4.5,5.3,0.846,0.8,5.3,6.1,9.1,1,0.8,4.4,2.8,26.1,"MVP-7,AS,NBA3",13940658
ORL,Caleb Houstan,22,SF,58,6,13.6,1.4,3.3,0.421,1.1,2.8,0.4,0.3,0.5,0.533,0.589,0.3,0.3,0.882,0.3,1,1.3,0.6,0.4,0.1,0.2,1.1,4.1,,2019693
2TM,Caleb Martin,29,SF,45,24,27.1,2.9,6.8,0.424,0.8,2.3,0.359,2,4.5,0.458,0.485,1.4,2.2,0.622,1.2,2.8,3.9,2.1,1,0.5,1.2,1.9,7.9,,8149001
PHI,Caleb Martin,29,SF,31,24,30.4,3.3,7.5,0.435,1.1,2.8,0.379,2.2,4.7,0.469,0.506,1.5,2.4,0.622,1.4,3,4.4,2.2,1.1,0.6,1.4,2,9.1,,8149001
DAL,Caleb Martin,29,SF,14,0,19.6,2,5.1,0.389,0.3,1.1,0.25,1.7,4,0.429,0.417,1.1,1.7,0.625,0.7,2.2,2.9,1.9,0.9,0.2,0.9,1.7,5.4,,8149001
LAC,Cam Christie,19,SG,13,0,4.5,0.5,1.8,0.292,0.2,1,0.154,0.4,0.8,0.455,0.333,0.2,0.3,0.5,0.2,0.7,0.9,0.5,0.4,0.1,0.2,0.3,1.4,,1157153
LAL,Cam Reddish,25,SF,33,8,17.8,1.2,2.8,0.404,0.4,1.4,0.277,0.8,1.4,0.532,0.473,0.5,0.8,0.615,0.5,1.5,2,0.7,1,0.3,0.4,1.3,3.2,,2463946
BRK,Cam Thomas,23,SG,25,23,31.2,8,18.2,0.438,2.7,7.8,0.349,5.2,10.4,0.506,0.513,5.3,6,0.881,0.6,2.7,3.3,3.8,0.6,0.1,2.5,1.8,24,,4041249
HOU,Cam Whitmore,20,SF,51,3,16.2,3.5,7.9,0.444,1.3,3.6,0.355,2.2,4.3,0.518,0.525,1.1,1.4,0.75,0.7,2.3,3,1,0.6,0.3,0.9,0.9,9.4,,3379080
BRK,Cameron Johnson,28,PF,57,57,31.6,6.2,13.1,0.475,2.8,7.2,0.39,3.4,5.9,0.578,0.582,3.5,3.9,0.893,0.9,3.4,4.3,3.4,0.9,0.4,1.7,1.8,18.8,,22500000
NYK,Cameron Payne,30,PG,72,5,15.1,2.5,6.2,0.401,1.3,3.6,0.363,1.2,2.6,0.453,0.506,0.7,0.8,0.907,0.2,1.3,1.4,2.8,0.5,0.2,0.7,1.5,6.9,,2087519
2TM,Caris LeVert,30,SG,64,3,24.9,4.4,9.4,0.467,1.7,4.4,0.373,2.7,4.9,0.552,0.556,1.7,2.4,0.71,0.6,2.5,3.2,3.4,0.9,0.5,1.2,1.5,12.1,,16615384
CLE,Caris LeVert,30,SF,38,3,23.8,3.6,7.8,0.453,1.6,3.9,0.405,2,3.9,0.5,0.554,1.5,2.2,0.699,0.6,2.2,2.8,3.7,0.9,0.5,1.3,1.3,10.2,,16615384
ATL,Caris LeVert,30,SG,26,0,26.6,5.6,11.6,0.482,1.8,5.2,0.338,3.8,6.3,0.6,0.558,2,2.8,0.722,0.7,3,3.7,2.9,0.9,0.5,1,2,14.9,,16615384
OKC,Cason Wallace,21,SG,68,43,27.6,3.4,7.2,0.474,1.1,3.1,0.356,2.3,4.1,0.562,0.55,0.4,0.5,0.811,1,2.3,3.4,2.5,1.8,0.5,0.9,2.1,8.4,,5555880
SAS,Charles Bassey,24,C,36,1,10.4,1.9,3.3,0.581,0,0,,1.9,3.3,0.581,0.581,0.6,0.9,0.636,1.6,2.7,4.2,0.5,0.4,0.8,0.6,1.4,4.4,,2087519
OKC,Chet Holmgren,22,C,32,32,27.4,5.2,10.7,0.49,1.4,3.6,0.379,3.8,7,0.547,0.554,3.2,4.2,0.754,1.5,6.5,8,2,0.7,2.2,1.8,2.3,15,,10880640
TOR,Chris Boucher,32,PF,50,0,17.2,3.6,7.4,0.492,1.4,3.9,0.363,2.2,3.5,0.633,0.586,1.4,1.7,0.782,1.4,3.1,4.5,0.7,0.5,0.5,0.6,1.4,10,,10810000
CHI,Chris Duarte,27,SG,17,0,4.4,0.7,1.5,0.462,0.4,0.9,0.4,0.4,0.6,0.545,0.577,0.4,0.5,0.75,0.3,0.9,1.2,0.5,0,0,0.1,0.4,2.1,,5893768
MIL,Chris Livingston,21,SF,21,1,5,0.4,1.3,0.333,0,0.4,0,0.4,0.9,0.474,0.333,0.6,0.8,0.75,0.5,1.2,1.7,0.2,0.2,0,0.3,0.4,1.4,,1891857
SAS,Chris Paul,39,PG,82,82,28,3,7.1,0.427,1.7,4.5,0.377,1.3,2.6,0.514,0.547,1,1.1,0.924,0.4,3.2,3.6,7.4,1.3,0.3,1.6,1.8,8.8,,10460000
DEN,Christian Braun,23,SG,79,77,33.9,6,10.4,0.58,1.1,2.8,0.397,4.9,7.6,0.648,0.634,2.2,2.7,0.827,1.2,3.9,5.2,2.6,1.1,0.5,1,2.2,15.4,,3089640
NOP,CJ McCollum,33,PG,56,56,32.7,7.9,17.9,0.444,3.1,8.2,0.373,4.9,9.7,0.505,0.53,2.2,3.1,0.717,0.8,3,3.8,4.1,0.8,0.4,1.9,2.2,21.1,,33333333
ATL,Clint Capela,30,C,55,41,21.4,4,7.1,0.559,0,0,0,4,7.1,0.56,0.559,0.9,1.8,0.536,3.2,5.4,8.5,1.1,0.6,1,0.9,1.9,8.9,,22265280
CHI,Coby White,24,SG,74,73,33.1,6.9,15.1,0.453,2.9,7.9,0.37,3.9,7.3,0.544,0.55,3.7,4.1,0.902,0.3,3.4,3.7,4.5,0.9,0.2,2.4,2.1,20.4,,12000000
2TM,Cody Martin,29,SF,53,8,22.1,2.6,6.1,0.418,0.8,2.8,0.285,1.8,3.3,0.534,0.485,0.8,1.2,0.705,1,3.2,4.2,2,1.1,0.6,1,1.8,6.8,,8120000
CHO,Cody Martin,29,SF,39,8,24.8,3,6.9,0.433,1,3.2,0.323,1.9,3.7,0.528,0.507,0.9,1.3,0.694,1,3.5,4.5,2.3,1.1,0.7,1.1,1.8,7.8,,8120000
PHO,Cody Martin,29,SF,14,0,14.7,1.4,4.1,0.351,0.2,1.9,0.111,1.2,2.1,0.567,0.377,0.6,0.9,0.75,0.9,2.5,3.4,1.1,0.9,0.4,0.6,1.6,3.7,,8120000
UTA,Cody Williams,20,SG,50,21,21.2,1.7,5.1,0.323,0.7,2.7,0.259,1,2.4,0.393,0.391,0.6,0.8,0.725,0.5,1.7,2.3,1.2,0.5,0.3,0.9,1.9,4.6,,5485080
2TM,Colby Jones,22,SG,39,0,13.2,1.5,3.3,0.457,0.4,1.3,0.327,1.1,2.1,0.538,0.519,0.6,0.9,0.657,0.5,1.7,2.2,1.1,0.7,0.3,0.6,0.9,4,,2120693
SAC,Colby Jones,22,SG,24,0,5.4,0.5,1.1,0.423,0.2,0.4,0.4,0.3,0.7,0.438,0.5,0,0,,0.3,0.6,1,0.3,0.3,0.3,0.3,0.5,1.1,,2120693
WAS,Colby Jones,22,SG,15,0,25.7,3.2,6.9,0.466,0.8,2.6,0.308,2.4,4.3,0.563,0.524,1.5,2.3,0.657,0.9,3.4,4.3,2.5,1.3,0.4,1.1,1.6,8.7,,2120693
ORL,Cole Anthony,24,PG,67,22,18.4,3.4,8.1,0.424,1.1,3.3,0.353,2.3,4.9,0.471,0.494,1.4,1.7,0.823,0.7,2.4,3,2.9,0.7,0.5,1.5,2.3,9.4,,12900000
UTA,Collin Sexton,26,SG,63,61,27.9,6.6,13.8,0.48,1.7,4.3,0.406,4.9,9.5,0.513,0.543,3.4,4,0.865,1,1.8,2.7,4.2,0.7,0.1,2.5,2.3,18.4,,18350000
WAS,Corey Kispert,25,SF,61,0,26.3,4.2,9.3,0.451,2,5.4,0.364,2.2,3.9,0.574,0.558,1.2,1.4,0.852,0.6,2.4,3,1.7,0.4,0.2,1,1.6,11.6,,5705888
ORL,Cory Joseph,33,PG,50,16,12.2,1.2,3.1,0.403,0.8,2.1,0.364,0.5,0.9,0.489,0.529,0.3,0.4,0.778,0.3,1.1,1.5,1.4,0.5,0.1,0.4,1,3.5,,3303771
CLE,Craig Porter Jr.,24,PG,51,1,10.1,1.4,2.7,0.514,0.4,0.9,0.438,1,1.8,0.554,0.589,0.5,0.6,0.719,0.4,0.9,1.3,1.4,0.3,0.3,0.7,0.5,3.7,,1891857
2TM,D'Angelo Russell,28,PG,58,36,25.5,4.3,11,0.39,1.9,6.2,0.314,2.3,4.8,0.489,0.479,2.1,2.5,0.834,0.3,2.4,2.8,5.1,1,0.4,1.9,2,12.6,,18692307
LAL,D'Angelo Russell,28,PG,29,10,26.3,4.4,10.7,0.415,1.9,5.8,0.333,2.5,4.9,0.51,0.505,1.6,1.8,0.849,0.3,2.5,2.8,4.7,0.8,0.1,1.7,1.8,12.4,,18692307
BRK,D'Angelo Russell,28,PG,29,26,24.7,4.1,11.3,0.367,2,6.6,0.297,2.2,4.7,0.467,0.454,2.6,3.2,0.826,0.4,2.4,2.8,5.6,1.1,0.7,2,2.1,12.9,,18692307
POR,Dalano Banton,25,PG,67,7,16.7,3,7.6,0.391,1.1,3.3,0.324,1.9,4.3,0.442,0.462,1.4,1.9,0.728,0.4,1.6,2,2.4,0.6,0.5,1.3,0.9,8.3,,2196970
CHI,Dalen Terry,22,SG,73,5,13.5,1.6,3.7,0.448,0.5,1.4,0.356,1.1,2.2,0.506,0.517,0.7,0.9,0.71,0.5,1.2,1.7,1.3,0.6,0.2,0.7,1.6,4.5,,3510480
LAL,Dalton Knecht,23,SF,78,16,19.2,3.3,7.1,0.461,1.6,4.4,0.376,1.7,2.8,0.594,0.576,0.8,1.1,0.762,0.5,2.3,2.8,0.8,0.3,0.1,0.5,1.2,9.1,,3819120
MIL,Damian Lillard,34,PG,58,58,36.1,7.7,17.1,0.448,3.4,9,0.376,4.3,8.1,0.528,0.547,6.2,6.8,0.921,0.5,4.2,4.7,7.1,1.2,0.2,2.8,1.7,24.9,AS,48787676
PHO,Damion Lee,32,SG,25,0,5.8,1.1,3,0.365,0.4,1.5,0.243,0.7,1.5,0.486,0.426,0.8,0.8,0.952,0.1,0.7,0.8,0.4,0.2,0,0.4,0.2,3.3,,2087519
DAL,Daniel Gafford,26,C,57,31,21.5,5,7.1,0.702,0,0,,5,7.1,0.702,0.702,2.4,3.4,0.689,2.7,4.1,6.8,1.4,0.4,1.8,1.2,2.7,12.3,,13394160
NOP,Daniel Theis,32,C,38,9,16.3,1.6,3.4,0.473,0.2,1,0.243,1.4,2.4,0.565,0.508,0.8,1,0.838,1.2,3.2,4.3,1.6,0.5,0.5,0.7,1.8,4.3,,2087519
DAL,Danté Exum,29,PG,20,13,18.6,3.2,6.7,0.478,1.2,2.7,0.434,2.1,4.1,0.506,0.563,1.2,1.6,0.742,0.2,1.5,1.7,2.8,0.6,0.2,1.1,1.7,8.7,,3150000
CHO,DaQuan Jeffries,27,SG,47,20,22.8,2.5,6.2,0.405,1.2,3.5,0.335,1.3,2.7,0.496,0.5,0.5,0.6,0.8,0.8,2.1,2.9,1.1,0.6,0.5,0.7,2.1,6.7,,2425204
DEN,Dario Šarić,30,C,16,4,13.1,1.3,3.6,0.362,0.4,1.6,0.269,0.9,2,0.438,0.422,0.4,0.6,0.7,0.9,2.3,3.1,1.4,0.4,0.1,0.9,1.2,3.5,,5168000
BRK,Dariq Whitehead,20,SF,20,0,12.3,2,4.8,0.406,1.7,3.7,0.446,0.3,1.1,0.273,0.578,0.2,0.3,0.6,0.2,1.3,1.5,0.6,0.3,0.1,0.8,1.1,5.7,,3114240
CLE,Darius Garland,25,PG,75,75,30.7,7.4,15.7,0.472,2.8,7.1,0.401,4.6,8.6,0.53,0.562,3,3.4,0.878,0.6,2.2,2.9,6.7,1.2,0.1,2.5,1.9,20.6,"CPOY-6,AS",36725670
3TM,David Roddy,23,PF,33,3,12.4,1.7,3.8,0.456,0.6,1.8,0.311,1.2,1.9,0.594,0.532,0.6,0.8,0.769,0.4,2.2,2.5,1.1,0.4,0.3,0.7,0.6,4.6,,2847240
ATL,David Roddy,23,PF,27,3,12.8,1.6,3.4,0.473,0.6,1.6,0.372,1,1.9,0.56,0.559,0.7,0.8,0.818,0.4,2.2,2.6,1.1,0.4,0.3,0.7,0.7,4.5,,2847240
PHI,David Roddy,23,PF,3,0,9.7,2.7,6.3,0.421,0.7,3.7,0.182,2,2.7,0.75,0.474,0,0,,0.7,2.3,3,1,0.7,0,0.3,0.3,6,,2847240
HOU,David Roddy,23,PF,3,0,11.7,1.7,4.3,0.385,0.3,2.3,0.143,1.3,2,0.667,0.423,0.7,1.3,0.5,0,1.7,1.7,0.7,0,0.3,0.3,0.3,4.3,,2847240
2TM,Davion Mitchell,26,PG,74,37,27.4,3,6.4,0.468,1.1,2.9,0.398,1.9,3.6,0.525,0.557,0.8,1.1,0.69,0.5,1.8,2.3,4.9,1,0.2,1.7,2.5,7.9,,6451230
TOR,Davion Mitchell,26,PG,44,22,24.5,2.4,5.5,0.434,1,2.7,0.359,1.5,2.9,0.504,0.52,0.6,0.8,0.676,0.4,1.6,1.9,4.6,0.7,0.2,1.8,2.6,6.3,,6451230
MIA,Davion Mitchell,26,PG,30,15,31.6,3.9,7.7,0.504,1.4,3.1,0.447,2.5,4.6,0.543,0.595,1.1,1.6,0.702,0.6,2.1,2.7,5.3,1.4,0.3,1.7,2.3,10.3,,6451230
BRK,Day'Ron Sharpe,23,C,50,2,18.1,3.3,6.3,0.521,0.2,0.9,0.244,3.1,5.4,0.566,0.538,1.1,1.5,0.757,3,3.6,6.6,1.8,0.8,0.8,1.3,2.3,7.9,,3989122
2TM,De'Aaron Fox,27,PG,62,62,36.1,8.7,18.8,0.463,1.9,6.1,0.31,6.8,12.6,0.538,0.514,4.2,5.1,0.827,0.9,3.9,4.8,6.3,1.5,0.4,2.8,2.6,23.5,,34848340
SAC,De'Aaron Fox,27,PG,45,45,37,9.2,19.6,0.469,2,6.4,0.322,7.2,13.3,0.539,0.521,4.5,5.5,0.829,1,4,5,6.1,1.5,0.4,3,2.6,25,,34848340
SAS,De'Aaron Fox,27,PG,17,17,34,7.4,16.5,0.446,1.5,5.6,0.274,5.8,10.9,0.535,0.493,3.5,4.2,0.819,0.5,3.8,4.3,6.8,1.5,0.3,2.4,2.7,19.7,,34848340
2TM,De'Andre Hunter,27,SF,64,9,27.2,5.6,11.9,0.47,2.5,6.1,0.405,3.1,5.8,0.537,0.573,3.4,4,0.846,0.7,3.3,4,1.4,0.8,0.2,1.3,2.4,17,6MOY-4,21696429
ATL,De'Andre Hunter,27,SF,37,4,28.8,6.1,13.3,0.461,2.6,6.7,0.393,3.5,6.6,0.531,0.56,4.1,4.8,0.858,0.7,3.2,3.9,1.5,0.8,0.1,1.6,2.4,19,,21696429
CLE,De'Andre Hunter,27,SF,27,5,25,4.9,10,0.485,2.2,5.2,0.426,2.6,4.8,0.55,0.596,2.4,2.9,0.821,0.6,3.6,4.2,1.3,0.7,0.3,0.9,2.5,14.3,,21696429
GSW,De'Anthony Melton,26,SG,6,2,20.2,3.7,9,0.407,2.2,5.8,0.371,1.5,3.2,0.474,0.528,0.8,1.3,0.625,1,2.3,3.3,2.8,1.2,0.3,1.7,3,10.3,,12822000
CLE,Dean Wade,28,PF,59,30,21.2,1.9,4.6,0.413,1.4,3.8,0.36,0.5,0.8,0.653,0.561,0.3,0.5,0.533,0.9,3.4,4.2,1.3,0.7,0.3,0.4,1.7,5.4,,6166667
POR,Deandre Ayton,26,C,40,40,30.2,6.6,11.7,0.566,0.2,0.8,0.188,6.5,10.9,0.594,0.573,1,1.5,0.667,3.1,7.1,10.2,1.6,0.8,1,1.7,2.2,14.4,,34005126
DEN,DeAndre Jordan,36,C,56,5,12.3,1.6,2.5,0.65,0,0,,1.6,2.5,0.65,0.65,0.5,1.1,0.422,1.5,3.6,5.1,0.9,0.3,0.5,0.7,1.3,3.7,,2087519
NOP,Dejounte Murray,28,PG,31,31,32.6,6.3,15.9,0.393,1.7,5.6,0.299,4.6,10.3,0.444,0.445,3.3,4,0.823,0.5,5.9,6.5,7.4,2,0.4,3.4,2,17.5,,29535801
2TM,Delon Wright,32,PG,40,7,15.9,1.1,3.3,0.344,0.5,1.8,0.274,0.6,1.5,0.431,0.42,0.4,0.6,0.6,0.7,1,1.7,1.9,0.9,0.3,0.6,0.6,3.1,,2087519
MIL,Delon Wright,32,PG,26,2,15.6,0.8,3.2,0.268,0.5,1.9,0.245,0.4,1.3,0.303,0.341,0.3,0.6,0.563,0.6,1.2,1.8,1.8,0.9,0.3,0.5,0.7,2.5,,2087519
NYK,Delon Wright,32,PG,14,5,16.4,1.6,3.5,0.469,0.6,1.7,0.333,1.1,1.8,0.6,0.551,0.4,0.6,0.667,0.9,0.6,1.4,2.1,0.9,0.2,0.6,0.6,4.3,,2087519
SAC,DeMar DeRozan,35,SF,77,77,35.9,8.1,17,0.477,1.1,3.3,0.328,7,13.7,0.513,0.509,4.9,5.7,0.857,0.6,3.2,3.9,4.4,0.8,0.4,1.4,1.9,22.2,,23400000
POR,Deni Avdija,24,SF,72,54,30,5.6,11.7,0.476,1.7,4.8,0.365,3.8,7,0.552,0.55,4,5.2,0.78,1.5,5.7,7.3,3.9,1,0.5,2.7,2.4,16.9,,15625000
3TM,Dennis Schröder,31,PG,75,49,28.1,4.5,11,0.406,1.7,4.9,0.342,2.8,6.1,0.458,0.483,2.4,2.9,0.838,0.4,2.3,2.6,5.4,0.9,0.2,1.9,2.4,13.1,,13025250
BRK,Dennis Schröder,31,PG,23,23,33.6,6.4,14.1,0.452,2.5,6.5,0.387,3.9,7.6,0.509,0.542,3.1,3.5,0.889,0.2,2.8,3,6.6,1.1,0.2,2.6,2.4,18.4,,13025250
GSW,Dennis Schröder,31,SG,24,18,26.2,3.9,10.5,0.375,1.5,4.8,0.322,2.4,5.7,0.419,0.448,1.2,1.6,0.744,0.4,1.9,2.3,4.4,1,0.1,2,2.8,10.6,,13025250
DET,Dennis Schröder,31,PG,28,8,25.2,3.4,9,0.378,1.1,3.8,0.302,2.3,5.2,0.434,0.442,2.9,3.4,0.833,0.5,2.2,2.6,5.3,0.5,0.2,1.3,2,10.8,,13025250
DAL,Dereck Lively II,20,C,36,29,23.1,3.7,5.3,0.702,0,0,,3.7,5.3,0.702,0.702,1.3,2,0.63,2.9,4.6,7.5,2.4,0.6,1.6,1.1,2.8,8.7,,5014560
LAC,Derrick Jones Jr.,27,SF,77,55,24.3,4,7.6,0.526,1,2.8,0.356,3,4.8,0.627,0.593,1.1,1.5,0.703,1.2,2.2,3.4,0.8,1,0.4,0.9,2,10.1,,9523810
BOS,Derrick White,30,SG,76,76,33.9,5.6,12.6,0.442,3.5,9.1,0.384,2.1,3.5,0.593,0.58,1.8,2.1,0.839,0.9,3.6,4.5,4.8,0.9,1.1,1.7,1.8,16.4,DPOY-10,20017429
MEM,Desmond Bane,26,SG,69,68,32,7.1,14.8,0.484,2.4,6.1,0.392,4.8,8.7,0.548,0.565,2.6,2.9,0.894,0.9,5.2,6.1,5.3,1.2,0.4,2.4,2.4,19.2,,34005250
PHO,Devin Booker,28,SG,75,75,37.3,8.7,18.9,0.461,2.4,7.3,0.332,6.3,11.6,0.542,0.525,5.8,6.4,0.894,1,3.1,4.1,7.1,0.9,0.2,2.9,2.6,25.6,,49205800
SAC,Devin Carter,22,PG,36,0,11,1.3,3.5,0.37,0.5,1.7,0.295,0.8,1.8,0.439,0.441,0.7,1.2,0.591,0.5,1.6,2.1,1.1,0.6,0.1,0.5,1.1,3.8,,4702800
SAS,Devin Vassell,24,SG,64,53,31,6.2,13.9,0.443,2.5,6.7,0.368,3.7,7.2,0.513,0.532,1.5,1.9,0.792,0.5,3.5,4,2.9,1.3,0.5,1.4,1.7,16.3,,29347826
HOU,Dillon Brooks,29,SF,75,75,31.8,5.1,11.9,0.429,2.5,6.3,0.397,2.6,5.7,0.465,0.533,1.3,1.6,0.818,1,2.7,3.7,1.7,0.8,0.2,1,3.2,14,,22255493
OKC,Dillon Jones,23,SF,54,3,10.2,0.9,2.5,0.383,0.3,1.2,0.254,0.6,1.3,0.5,0.444,0.3,0.5,0.607,0.6,1.7,2.2,1.1,0.3,0.1,0.5,1,2.5,,2622360
SAC,Domantas Sabonis,28,C,70,70,34.7,7.5,12.8,0.59,0.9,2.2,0.417,6.6,10.5,0.627,0.627,3.1,4.1,0.754,3.8,10.1,13.9,6,0.7,0.4,2.9,3.3,19.1,,40500000
ATL,Dominick Barlow,21,PF,35,4,10.7,1.7,3.2,0.531,0.2,0.8,0.259,1.5,2.5,0.616,0.562,0.6,0.9,0.636,1,1.4,2.4,0.5,0.3,0.5,0.1,1.3,4.2,,491887
POR,Donovan Clingan,20,C,67,37,19.8,2.7,5,0.539,0.2,0.7,0.286,2.5,4.3,0.582,0.56,0.9,1.6,0.596,3.2,4.6,7.9,1.1,0.5,1.6,1.1,2.8,6.5,,6586440
CLE,Donovan Mitchell,28,SG,71,71,31.4,8.2,18.6,0.443,3.3,8.9,0.368,5,9.7,0.512,0.531,4.2,5.1,0.823,0.8,3.7,4.5,5,1.3,0.2,2.1,2,24,"MVP-5,CPOY-9,AS,NBA1",35410310
MIN,Donte DiVincenzo,28,SG,62,10,25.9,4,9.6,0.422,2.8,7.1,0.397,1.2,2.5,0.49,0.568,0.8,1,0.778,0.5,3.2,3.7,3.6,1.2,0.3,1.6,1.8,11.7,,11445000
2TM,Dorian Finney-Smith,31,PF,63,40,28.9,3.1,6.9,0.448,2,5,0.411,1,1.9,0.545,0.597,0.5,0.7,0.667,1.3,2.7,3.9,1.4,0.9,0.4,0.9,2.2,8.7,,14924168
BRK,Dorian Finney-Smith,31,PF,20,20,29,3.7,8,0.459,2.4,5.4,0.435,1.3,2.6,0.51,0.607,0.8,1.2,0.625,1.6,3,4.6,1.6,0.9,0.6,0.9,2.7,10.4,,14924168
LAL,Dorian Finney-Smith,31,PF,43,20,28.8,2.8,6.4,0.442,1.9,4.8,0.398,0.9,1.6,0.571,0.591,0.3,0.5,0.714,1.1,2.5,3.6,1.4,0.9,0.3,0.9,1.9,7.9,,14924168
SAC,Doug McDermott,33,SF,42,3,8.1,1.2,2.8,0.427,1,2.4,0.436,0.1,0.4,0.375,0.615,0.1,0.1,0.6,0.1,0.5,0.5,0.2,0.1,0,0.1,0.7,3.5,,2087519
GSW,Draymond Green,34,PF,68,66,29.2,3.2,7.5,0.424,1.2,3.6,0.325,2,3.9,0.517,0.503,1.5,2.2,0.687,1.1,5,6.1,5.6,1.5,1,2.6,3.2,9,"DPOY-3,DEF1",24107143
2TM,Drew Eubanks,27,C,61,4,12.2,1.9,3.2,0.593,0,0.1,0.5,1.8,3.1,0.596,0.601,0.8,1.2,0.662,1,2.7,3.7,0.9,0.2,0.6,0.7,1,4.6,,5000000
UTA,Drew Eubanks,27,C,37,4,15.4,2.4,3.9,0.607,0.1,0.1,0.6,2.3,3.8,0.607,0.617,1,1.5,0.632,1.1,3.5,4.5,1.2,0.3,0.9,0.8,1.2,5.8,,5000000
LAC,Drew Eubanks,27,C,24,0,7.4,1.1,2,0.551,0,0,0,1.1,2,0.563,0.551,0.5,0.6,0.786,0.8,1.6,2.4,0.4,0.1,0.3,0.4,0.7,2.7,,5000000
BRK,Drew Timme,24,PF,9,2,28.2,5,11.3,0.441,1,3.9,0.257,4,7.4,0.537,0.485,1.1,1.8,0.625,1.9,5.3,7.2,2.2,0.4,0.1,1.7,2.3,12.1,,113055
MIA,Duncan Robinson,30,SF,74,37,24.1,3.9,9,0.437,2.6,6.5,0.393,1.4,2.4,0.556,0.581,0.6,0.7,0.887,0.2,2,2.3,2.4,0.5,0.1,1.2,1.8,11,,19406000
POR,Duop Reath,28,C,46,0,10.2,1.5,3.6,0.422,0.7,2.3,0.321,0.8,1.3,0.6,0.524,0.4,0.5,0.909,1,1,2,0.6,0.3,0.3,0.3,0.9,4.2,,2048780
DAL,Dwight Powell,33,C,55,3,10,0.8,1.1,0.689,0,0.1,0.4,0.7,1,0.714,0.705,0.5,0.8,0.651,0.9,1.3,2.1,1,0.3,0.4,0.3,1.4,2.1,,4000000
ATL,Dyson Daniels,21,SG,76,76,33.8,6,12.1,0.493,1.1,3.1,0.34,4.9,9.1,0.545,0.536,1.1,1.8,0.593,1.6,4.3,5.9,4.4,3,0.7,2,2.3,14.1,"DPOY-2,MIP-1,DEF1",6059520
CHI,E.J. Liddell,24,PF,12,0,4.4,0.7,1.3,0.533,0.3,0.8,0.3,0.4,0.4,1,0.633,0.2,0.2,1,0.3,0.5,0.8,0.3,0.1,0.1,0.2,0.9,1.8,,2120693
PHI,Eric Gordon,36,SG,39,13,19.7,2.2,5.2,0.426,1.4,3.5,0.409,0.8,1.7,0.463,0.564,0.9,1.2,0.75,0.2,1,1.2,1.7,0.7,0.3,0.7,0.8,6.8,,3303771
CLE,Evan Mobley,23,PF,71,71,30.5,7.1,12.8,0.557,1.2,3.2,0.37,5.9,9.5,0.621,0.604,3.1,4.3,0.725,2.3,7,9.3,3.2,0.9,1.6,2,2,18.5,"MVP-10,DPOY-1,AS,NBA2,DEF1",11227809
ORL,Franz Wagner,23,SF,60,60,33.7,9,19.4,0.463,1.7,5.9,0.295,7.2,13.5,0.535,0.507,4.5,5.2,0.871,0.9,4.8,5.7,4.7,1.3,0.4,2.3,2.5,24.2,,7007092
HOU,Fred VanVleet,30,PG,60,60,35.2,4.8,12.7,0.378,2.7,7.7,0.345,2.1,5,0.43,0.483,1.9,2.3,0.81,0.5,3.2,3.7,5.6,1.6,0.4,1.5,2.3,14.1,,42846615
LAL,Gabe Vincent,28,PG,72,11,21.2,2.3,5.8,0.4,1.5,4.3,0.353,0.8,1.5,0.532,0.53,0.2,0.3,0.714,0.3,1,1.3,1.4,0.7,0.2,0.6,2.1,6.4,,11000000
TOR,Garrett Temple,38,SG,28,0,8.1,0.6,2.1,0.3,0.2,1,0.214,0.4,1.1,0.375,0.35,0.4,0.4,0.917,0.3,0.7,1,1.1,0.6,0.1,0.4,0.8,1.9,,2087519
ATL,Garrison Mathews,28,SG,47,2,17.7,2.2,5.5,0.397,1.8,4.6,0.39,0.4,0.8,0.436,0.562,1.4,1.7,0.821,0.3,1.6,1.9,1.3,0.6,0.3,0.7,1.7,7.5,,2230253
ORL,Gary Harris,30,SG,48,3,14.8,1.1,2.8,0.383,0.8,2.1,0.356,0.3,0.7,0.469,0.519,0.1,0.3,0.583,0.4,0.9,1.3,0.6,0.5,0.3,0.4,0.9,3,,6730769
GSW,Gary Payton II,32,SG,62,11,15,2.8,4.8,0.574,0.5,1.5,0.326,2.3,3.3,0.69,0.626,0.4,0.6,0.711,0.9,2.1,3,1.3,0.8,0.3,0.6,1.7,6.5,,9130000
MIL,Gary Trent Jr.,26,SG,74,9,25.6,3.8,8.9,0.431,2.4,5.9,0.416,1.4,3,0.46,0.568,1.1,1.2,0.848,0.3,2,2.3,1.2,1,0.1,0.6,1.7,11.1,,2087519
2TM,Georges Niang,31,PF,79,3,21.5,3.6,7.8,0.461,2.1,5.2,0.406,1.5,2.7,0.569,0.595,0.6,0.7,0.793,0.6,2.8,3.4,1.4,0.4,0.2,1,2.5,9.9,,8500000
MEM,GG Jackson II,20,PF,29,3,15.8,2.6,6.9,0.372,1.1,3.3,0.337,1.4,3.6,0.404,0.452,1,1.4,0.725,0.9,2.2,3.2,1,0.4,0.2,1.1,1,7.2,,1891857
MIL,Giannis Antetokounmpo,30,PF,67,67,34.2,11.8,19.7,0.601,0.2,0.9,0.222,11.6,18.7,0.62,0.607,6.5,10.6,0.617,2.2,9.7,11.9,6.5,0.9,1.2,3.1,2.3,30.4,"MVP-3,DPOY-8,AS,NBA1",48787676
ORL,Goga Bitadze,25,C,70,42,20.4,3,4.8,0.611,0,0.4,0.107,2.9,4.4,0.656,0.615,1.2,1.9,0.639,2.4,4.2,6.6,2,0.7,1.4,1,2.1,7.2,,9057971
TOR,Gradey Dick,21,SG,54,54,29.4,4.9,12,0.41,2.1,6,0.35,2.8,5.9,0.47,0.498,2.5,2.9,0.858,0.8,2.8,3.6,1.8,0.9,0.2,1.5,2.2,14.4,,4763760
CHO,Grant Williams,26,PF,16,7,29.9,3.4,7.7,0.439,1.7,4.6,0.365,1.7,3.1,0.551,0.549,1.9,2.3,0.838,1.1,4,5.1,2.3,1.1,0.8,1.8,2.9,10.4,,13025250
PHO,Grayson Allen,29,SG,64,7,24.1,3.4,7.6,0.448,2.3,5.5,0.426,1.1,2.2,0.504,0.6,1.5,1.8,0.816,0.5,2.5,3,2.1,0.8,0.3,1.2,1.5,10.6,,15625000
PHI,Guerschon Yabusele,29,C,70,43,27.1,4,8,0.501,1.5,3.9,0.38,2.5,4.1,0.616,0.593,1.4,2,0.725,1.9,3.7,5.6,2.1,0.8,0.3,1.2,2.3,11,,2087519
GSW,Gui Santos,22,PF,56,2,13.6,1.5,3.2,0.458,0.6,1.8,0.33,0.9,1.4,0.632,0.553,0.5,0.8,0.69,1.3,1.8,3.1,1.4,0.4,0.2,0.8,1.6,4.1,,1891857
SAS,Harrison Barnes,32,PF,82,82,27.2,4.2,8.3,0.508,1.9,4.4,0.433,2.3,3.9,0.591,0.622,2,2.4,0.809,1.2,2.6,3.8,1.7,0.5,0.2,0.6,0.9,12.3,,18000000
MIA,Haywood Highsmith,28,SF,74,42,24.6,2.4,5.3,0.458,1.2,3.1,0.382,1.2,2.1,0.57,0.572,0.4,0.6,0.721,1,2.4,3.4,1.5,0.9,0.5,0.7,2.2,6.5,,5200000
NOP,Herbert Jones,26,SF,20,20,32.4,3.8,8.6,0.436,1.1,3.6,0.306,2.7,5,0.53,0.5,1.7,2,0.825,1.1,2.8,3.9,3.3,1.9,0.5,1.8,3.3,10.3,,12976362
DEN,Hunter Tyson,24,PF,51,2,7.8,0.9,2.4,0.375,0.5,1.5,0.311,0.4,0.9,0.478,0.471,0.4,0.5,0.75,0.5,1,1.5,0.4,0.2,0.1,0.3,0.9,2.6,,1891857
TOR,Immanuel Quickley,25,PG,33,33,27.8,5.6,13.3,0.42,2.6,6.8,0.378,3,6.5,0.465,0.517,3.4,3.9,0.867,0.5,3.1,3.5,5.8,0.7,0.1,1.8,1.8,17.1,,32500000
SAC,Isaac Jones,24,PF,40,0,7.6,1.4,2.1,0.651,0.1,0.2,0.375,1.3,1.9,0.68,0.669,0.6,0.9,0.639,0.6,0.9,1.4,0.3,0.1,0.3,0.4,0.8,3.4,,152957
CLE,Isaac Okoro,24,SG,55,22,19.1,2.3,4.9,0.464,1,2.7,0.371,1.2,2.1,0.586,0.569,0.6,0.8,0.717,0.9,1.5,2.4,1.2,0.6,0.3,0.4,1.9,6.1,,10185185
UTA,Isaiah Collier,20,PG,71,46,25.9,3.3,7.8,0.422,0.6,2.4,0.249,2.7,5.4,0.497,0.459,1.5,2.2,0.682,0.5,2.9,3.3,6.3,0.9,0.2,2.9,2.1,8.7,,2520120
OKC,Isaiah Hartenstein,26,C,57,53,27.9,4.9,8.4,0.581,0,0.3,0,4.9,8.1,0.605,0.581,1.4,2.1,0.675,2.9,7.9,10.7,3.8,0.8,1.1,1.7,3,11.2,,30000000
IND,Isaiah Jackson,23,C,5,1,16.8,2.8,4.6,0.609,0,0,,2.8,4.6,0.609,0.609,1.4,2.8,0.5,2.2,3.4,5.6,1,0.6,1.6,1,2.8,7,,4435381
OKC,Isaiah Joe,25,SG,74,16,21.7,3.5,7.9,0.44,2.6,6.3,0.412,0.9,1.6,0.549,0.604,0.6,0.8,0.821,0.6,2.1,2.6,1.6,0.6,0.1,0.5,1.5,10.2,,12991650
DET,Isaiah Stewart,23,C,72,4,19.9,2.4,4.4,0.559,0.2,0.7,0.321,2.2,3.6,0.607,0.586,0.9,1.2,0.759,1.8,3.7,5.5,1.7,0.4,1.4,0.9,2.5,6,,15000000
LAC,Ivica Zubac,27,C,80,80,32.8,7.4,11.8,0.628,0,0,,7.4,11.8,0.628,0.628,2,3,0.661,3.8,8.9,12.6,2.7,0.7,1.1,1.6,2.1,16.8,"DPOY-6,DEF2",11743210
MEM,Ja Morant,25,PG,50,50,30.4,8.1,17.8,0.454,1.8,5.7,0.309,6.3,12.1,0.523,0.504,5.3,6.4,0.824,0.7,3.4,4.1,7.3,1.2,0.2,3.7,2.3,23.2,,36725670
TOR,Ja'Kobe Walter,20,SG,52,18,21.2,3.1,7.6,0.405,1.3,3.6,0.349,1.8,4,0.454,0.487,1.3,1.6,0.795,1.1,1.9,3.1,1.6,0.8,0.2,1,1.8,8.6,,3565000
HOU,Jabari Smith Jr.,21,PF,57,39,30.1,4.4,9.9,0.438,1.7,4.9,0.354,2.6,5.1,0.519,0.525,1.8,2.2,0.825,1.8,5.2,7,1.1,0.4,0.7,1.1,2.2,12.2,,9770880
POR,Jabari Walker,22,PF,60,1,12.5,2,3.8,0.515,0.5,1.2,0.389,1.5,2.6,0.573,0.576,0.8,1.2,0.69,1,2.5,3.5,0.6,0.6,0.1,0.6,1.5,5.2,,2019699
DAL,Jaden Hardy,22,SG,57,3,15.9,3.2,7.3,0.435,1.3,3.5,0.386,1.8,3.8,0.479,0.527,1.1,1.5,0.698,0.2,1.4,1.6,1.4,0.5,0.1,1.4,1.6,8.7,,2019699
DET,Jaden Ivey,22,SG,30,30,29.9,6.3,13.8,0.46,2.1,5.1,0.409,4.2,8.6,0.49,0.536,2.8,3.9,0.733,1.3,2.8,4.1,4,0.9,0.4,3,2.2,17.6,,7977240
MIN,Jaden McDaniels,24,PF,82,82,31.9,4.9,10.2,0.477,1.2,3.7,0.33,3.6,6.5,0.561,0.537,1.3,1.6,0.813,1.6,4.2,5.7,2,1.3,0.9,1.2,2.7,12.2,,23017242
2TM,Jaden Springer,22,PG,43,2,8.5,0.8,2.1,0.389,0.3,1.1,0.25,0.5,1,0.548,0.456,0.6,0.9,0.711,0.4,1,1.3,0.8,0.6,0.1,0.4,1,2.5,,634437
BOS,Jaden Springer,22,SG,26,0,5.4,0.5,1.3,0.353,0.2,0.7,0.316,0.2,0.6,0.4,0.441,0.6,0.8,0.714,0.2,0.8,0.9,0.4,0.5,0,0.2,0.7,1.7,,634437
UTA,Jaden Springer,22,PG,17,2,13.2,1.4,3.3,0.411,0.4,1.7,0.207,1,1.6,0.63,0.464,0.7,1,0.706,0.8,1.2,2,1.4,0.7,0.2,0.7,1.5,3.8,,634437
SAC,Jae Crowder,34,PF,9,2,11.4,0.8,2.4,0.318,0.4,1.7,0.267,0.3,0.8,0.429,0.409,0.6,0.7,0.833,0.7,1.6,2.2,0.7,0.3,0,0.4,1.1,2.6,,1655619
HOU,Jae'Sean Tate,29,SF,52,2,11.3,1.3,2.8,0.473,0.3,0.9,0.348,1,2,0.529,0.527,0.6,0.9,0.681,1,1.3,2.3,0.9,0.5,0.1,0.4,1.6,3.6,,7565217
MIA,Jaime Jaquez Jr.,23,SF,66,17,20.7,3.2,7,0.461,0.6,1.8,0.311,2.7,5.2,0.513,0.501,1.6,2.2,0.754,1.3,3.1,4.4,2.5,0.9,0.2,1.5,1.2,8.6,,3685800
2TM,Jake LaRavia,23,PF,66,0,20.4,2.4,5.1,0.475,0.9,2.2,0.423,1.5,3,0.513,0.564,1.2,1.7,0.678,1.4,2.6,3.9,2.4,0.9,0.3,1.3,2,6.9,,3352680
MEM,Jake LaRavia,23,PF,47,0,20.9,2.5,5.1,0.49,0.9,1.9,0.444,1.7,3.2,0.517,0.573,1.4,2,0.698,1.4,2.9,4.4,2.8,0.9,0.4,1.5,2,7.3,,3352680
SAC,Jake LaRavia,23,PF,19,0,19.3,2.2,5.1,0.438,1.1,2.7,0.385,1.2,2.3,0.5,0.542,0.6,1,0.579,1.2,1.6,2.8,1.3,0.9,0.2,0.9,2.1,6.1,,3352680
TOR,Jakob Poeltl,29,C,57,56,29.6,6.4,10.2,0.627,0,0.1,0.333,6.4,10.1,0.628,0.628,1.7,2.5,0.674,3.3,6.3,9.6,2.8,1.2,1.2,1.9,3.1,14.5,,19500000
NYK,Jalen Brunson,28,PG,65,65,35.4,9,18.5,0.488,2.3,6.1,0.383,6.7,12.4,0.539,0.551,5.7,6.9,0.821,0.4,2.5,2.9,7.3,0.9,0.1,2.5,2.1,26,"MVP-10,CPOY-1,AS,NBA2",24960001
DET,Jalen Duren,21,C,78,78,26.1,4.8,7,0.692,0,0,,4.8,7,0.692,0.692,2.1,3.1,0.669,3.6,6.8,10.3,2.7,0.7,1.1,1.7,3.2,11.8,,4536840
HOU,Jalen Green,22,SG,82,82,32.9,7.4,17.5,0.423,2.9,8.1,0.354,4.6,9.5,0.482,0.505,3.3,4.1,0.813,0.5,4,4.6,3.4,0.9,0.3,2.5,1.5,21,,12483048
2TM,Jalen Hood-Schifino,21,SG,15,0,21,2.5,6.5,0.378,0.9,3.1,0.304,1.5,3.5,0.442,0.449,1.2,1.4,0.857,0.2,1.6,1.8,2.5,0.3,0.5,1.2,1.7,7.1,,3879840
LAL,Jalen Hood-Schifino,21,SG,2,0,7,0.5,0.5,1,0,0,,0.5,0.5,1,1,1,1,1,0.5,0,0.5,0.5,0,0.5,0.5,1.5,2,,3879840
PHI,Jalen Hood-Schifino,21,SG,13,0,23.2,2.8,7.5,0.371,1.1,3.5,0.304,1.7,3.9,0.431,0.443,1.2,1.5,0.842,0.2,1.8,2,2.8,0.4,0.5,1.3,1.7,7.8,,3879840
ATL,Jalen Johnson,23,SF,36,36,35.7,7.5,15.1,0.5,1.2,3.9,0.312,6.3,11.1,0.566,0.541,2.6,3.5,0.746,1.7,8.3,10,5,1.6,1,2.9,1.9,18.9,,4510905
WAS,Jalen McDaniels,27,SF,4,0,1.8,0,0,,0,0,,0,0,,,0,0,,0,0,0,0.3,0.3,0,0,0,0,,4741800
DEN,Jalen Pickett,25,SG,49,4,13.6,1.6,3.7,0.428,0.8,2.1,0.396,0.8,1.6,0.468,0.539,0.1,0.2,0.75,0.3,1.1,1.4,2.2,0.4,0.1,0.5,0.8,4.1,,1891857
CHI,Jalen Smith,24,C,64,2,15,3,6.4,0.466,1.1,3.5,0.324,1.8,2.9,0.634,0.554,1.1,1.4,0.809,1.4,4.2,5.6,1,0.3,0.7,0.6,1.5,8.2,,8571429
ORL,Jalen Suggs,23,PG,35,35,28.6,5.6,13.7,0.41,2.2,6.9,0.314,3.5,6.8,0.506,0.489,2.8,3.1,0.882,0.7,3.4,4,3.7,1.5,0.9,2.9,2.8,16.2,,9188385
OKC,Jalen Williams,23,SG,69,69,32.4,8.2,16.9,0.484,1.8,4.9,0.365,6.4,12,0.533,0.537,3.4,4.3,0.789,0.9,4.5,5.3,5.1,1.6,0.7,2.2,2.3,21.6,"AS,NBA3,DEF2",4775760
BRK,Jalen Wilson,24,PF,79,22,25.7,3.1,7.8,0.397,1.5,4.6,0.337,1.6,3.3,0.481,0.495,1.7,2.1,0.818,0.9,2.5,3.4,1.8,0.5,0.1,1,2.1,9.5,,1891857
DEN,Jamal Murray,27,PG,67,67,36.1,7.9,16.7,0.474,2.3,5.9,0.393,5.6,10.8,0.518,0.543,3.3,3.7,0.886,0.7,3.2,3.9,6,1.4,0.5,2.1,1.9,21.4,,36016200
TOR,Jamal Shead,22,PG,75,11,19.6,2.7,6.7,0.405,1,3,0.323,1.8,3.7,0.47,0.476,0.7,0.9,0.768,0.4,1.1,1.5,4.2,0.8,0.1,1.6,2.1,7.1,,1862265
LAC,James Harden,35,PG,79,79,35.3,6.7,16.4,0.41,3,8.5,0.352,3.7,7.9,0.472,0.501,6.4,7.3,0.874,0.7,5.1,5.8,8.7,1.5,0.7,4.3,2.1,22.8,"MVP-10,AS,NBA3",33653846
IND,James Johnson,37,PF,12,0,3.1,0.3,0.9,0.364,0,0.3,0,0.3,0.7,0.5,0.364,0,0.1,0,0,0.5,0.5,0.3,0,0.2,0.3,0.4,0.7,,2087519
IND,James Wiseman,23,C,1,0,5,2,4,0.5,0,1,0,2,3,0.667,0.5,2,2,1,0,1,1,0,0,0,0,0,6,,2237691
TOR,Jamison Battle,23,SF,59,10,17.7,2.5,5.9,0.429,1.8,4.4,0.405,0.7,1.5,0.5,0.581,0.3,0.3,0.889,0.6,2.1,2.7,0.9,0.3,0.2,0.5,1.6,7.1,,1000000
IND,Jarace Walker,21,PF,75,5,15.8,2.3,4.8,0.472,1,2.5,0.405,1.3,2.3,0.543,0.576,0.6,0.9,0.667,0.3,2.7,3.1,1.5,0.7,0.3,1,1.5,6.1,,6362520
2TM,Jared Butler,24,SG,60,17,17.4,3.4,7.6,0.448,1,2.8,0.355,2.4,4.7,0.504,0.514,1.3,1.5,0.824,0.4,1.4,1.8,3.7,0.7,0.2,1.3,1.6,9,,745726
WAS,Jared Butler,24,PG,32,0,11.3,2.7,5.5,0.483,0.5,1.3,0.366,2.2,4.2,0.519,0.526,1.1,1.4,0.778,0.4,0.8,1.3,2.6,0.4,0.2,0.9,1.3,6.9,,745726
PHI,Jared Butler,24,SG,28,17,24.4,4.2,9.9,0.426,1.6,4.6,0.352,2.6,5.3,0.49,0.507,1.4,1.6,0.87,0.4,2.1,2.5,4.9,1.1,0.3,1.8,2,11.5,,745726
PHI,Jared McCain,20,SG,23,8,25.7,5.5,11.9,0.46,2.2,5.8,0.383,3.3,6.1,0.532,0.553,2.1,2.4,0.875,0.6,1.9,2.4,2.6,0.7,0,1.6,1.6,15.3,ROY-7,4032240
MEM,Jaren Jackson Jr.,25,C,74,74,29.8,8,16.4,0.488,2,5.3,0.375,6,11.1,0.541,0.548,4.2,5.4,0.781,1.2,4.4,5.6,2,1.2,1.5,2.1,3.5,22.2,"DPOY-7,AS,DEF2",25257798
LAL,Jarred Vanderbilt,25,PF,36,2,16.1,1.6,3.4,0.488,0.3,0.9,0.281,1.4,2.5,0.562,0.525,0.6,1,0.556,1.9,3.2,5.1,1.1,1,0.3,0.8,1.9,4.1,,10714286
CLE,Jarrett Allen,26,C,82,82,28,5.5,7.8,0.706,0,0.1,0,5.5,7.7,0.712,0.706,2.4,3.4,0.718,2.6,7.1,9.7,1.9,0.9,0.9,1.2,1.5,13.5,,20000000
2TM,Javonte Green,31,SG,68,19,18.5,1.8,4.2,0.429,0.7,2.1,0.326,1.1,2.1,0.527,0.509,0.8,1.1,0.724,0.9,2.3,3.2,0.8,1,0.5,0.5,1.4,5.1,,599862
NOP,Javonte Green,31,SG,50,18,21.8,2,4.5,0.446,0.8,2.2,0.352,1.2,2.3,0.534,0.531,1,1.3,0.758,1,2.6,3.6,0.9,1.1,0.6,0.6,1.5,5.8,,599862
CLE,Javonte Green,31,SG,18,1,9.2,1.3,3.5,0.365,0.4,1.8,0.242,0.8,1.7,0.5,0.429,0.3,0.6,0.5,0.6,1.7,2.2,0.6,0.6,0.1,0.2,1.2,3.3,,599862
LAL,Jaxson Hayes,24,C,56,35,19.5,2.9,4,0.722,0,0.1,0,2.9,3.9,0.732,0.722,1.1,1.8,0.622,1.4,3.4,4.8,1,0.6,0.9,0.8,2.4,6.8,,2463946
MEM,Jay Huff,26,C,64,2,11.7,2.5,4.8,0.515,1.3,3.1,0.405,1.2,1.6,0.724,0.648,0.7,0.9,0.786,0.5,1.5,2,0.6,0.3,0.9,0.5,1.2,6.9,,2088033
BOS,Jaylen Brown,28,SF,63,63,34.3,8.2,17.7,0.463,1.8,5.7,0.324,6.4,12.1,0.529,0.515,3.9,5.1,0.764,1.3,4.5,5.8,4.5,1.2,0.3,2.6,2.4,22.2,AS,49205800
MIN,Jaylen Clark,23,SG,40,4,13.1,1.4,3,0.467,0.6,1.3,0.431,0.9,1.7,0.493,0.558,0.7,0.9,0.784,0.7,0.7,1.3,0.7,0.9,0.1,0.2,1.5,4.1,,429323
MEM,Jaylen Wells,21,SG,79,74,25.9,3.6,8.6,0.425,1.7,5,0.352,1.9,3.6,0.525,0.527,1.4,1.7,0.822,1.1,2.3,3.4,1.7,0.6,0.1,0.9,1.8,10.4,ROY-3,1157153
OKC,Jaylin Williams,22,PF,47,9,16.7,2.1,4.7,0.439,1.3,3.3,0.399,0.8,1.4,0.529,0.577,0.5,0.6,0.767,1,4.6,5.6,2.6,0.5,0.6,0.7,1.7,5.9,,2019699
CLE,Jaylon Tyson,22,SG,47,3,9.6,1.4,3.2,0.43,0.4,1.2,0.345,0.9,1.9,0.484,0.497,0.4,0.5,0.792,0.8,1.3,2,0.9,0.3,0.1,0.6,1.1,3.6,,3326160
BOS,Jayson Tatum,26,PF,72,72,36.4,9.2,20.3,0.452,3.5,10.1,0.343,5.7,10.2,0.559,0.537,5,6.1,0.814,0.7,8,8.7,6,1.1,0.5,2.9,2.2,26.8,"MVP-4,CPOY-10,AS,NBA1",34848340
PHI,Jeff Dowtin Jr.,27,PG,41,3,15.1,2.7,5.6,0.487,0.7,1.7,0.4,2,3.9,0.525,0.548,0.8,1.1,0.733,0.3,1.2,1.5,1.9,0.6,0.3,0.4,0.7,7,,2196970
HOU,Jeff Green,38,PF,32,3,12.4,1.9,3.8,0.504,0.9,2.5,0.367,1,1.3,0.762,0.624,0.7,0.8,0.808,0.3,1.5,1.8,0.6,0.2,0.1,0.3,1,5.4,,8000000
POR,Jerami Grant,30,PF,47,47,32.4,4.6,12.2,0.373,2.3,6.3,0.365,2.3,5.9,0.381,0.467,3,3.5,0.849,0.6,2.9,3.5,2.1,0.9,1,1.4,2.3,14.4,,29793104
NOP,Jeremiah Robinson-Earl,24,PF,66,9,18.8,2.4,5.3,0.455,0.8,2.5,0.341,1.5,2.8,0.557,0.536,0.7,0.8,0.836,1.7,3.1,4.8,1.3,0.6,0.1,0.8,1.2,6.3,,2196970
SAS,Jeremy Sochan,21,PF,54,23,25.3,4.6,8.7,0.535,0.5,1.7,0.308,4.1,7,0.59,0.565,1.6,2.3,0.696,2.4,4.2,6.5,2.4,0.8,0.5,1.6,2.4,11.4,,5570040
2TM,Jericho Sims,26,C,53,5,11.9,0.8,1.3,0.634,0,0,,0.8,1.3,0.634,0.634,0.2,0.2,0.615,1.3,2.4,3.7,0.6,0.2,0.4,0.6,1.2,1.8,,2092344
NYK,Jericho Sims,26,C,39,5,10.8,0.7,1.2,0.609,0,0,,0.7,1.2,0.609,0.609,0.2,0.3,0.615,1.3,2,3.3,0.6,0.2,0.3,0.5,1.2,1.6,,2092344
MIL,Jericho Sims,26,C,14,0,15,1.2,1.8,0.68,0,0,,1.2,1.8,0.68,0.68,0,0,,1.4,3.4,4.9,0.8,0.1,0.6,0.9,1.4,2.4,,2092344
ORL,Jett Howard,21,SF,60,0,11.7,1.6,4.4,0.374,0.9,3.1,0.296,0.7,1.3,0.566,0.479,0.3,0.4,0.696,0.3,0.8,1.2,0.7,0.2,0.2,0.6,1.1,4.5,,5278320
CHI,Jevon Carter,29,PG,36,1,8.9,1.5,4.1,0.377,1,2.9,0.333,0.6,1.1,0.488,0.497,0.2,0.3,0.8,0.1,1,1.1,1.1,0.4,0.1,0.3,0.4,4.3,,6500000
2TM,Jimmy Butler,35,SF,55,55,31.7,5.5,10.9,0.504,0.6,1.9,0.308,4.9,9,0.546,0.531,6,7.1,0.842,2.3,3.1,5.4,5.4,1.4,0.3,1.3,0.9,17.5,,48798677
MIA,Jimmy Butler,35,PF,25,25,30.6,5.7,10.5,0.54,0.5,1.4,0.361,5.2,9.1,0.568,0.565,5.2,6.4,0.801,2.2,3,5.2,4.8,1.1,0.4,1.2,0.9,17,,48798677
GSW,Jimmy Butler,35,SF,30,30,32.7,5.3,11.1,0.476,0.6,2.3,0.279,4.7,8.9,0.526,0.504,6.7,7.7,0.87,2.3,3.2,5.5,5.9,1.7,0.3,1.5,1,17.9,,48798677
HOU,Jock Landale,29,C,42,3,11.9,1.9,3.6,0.533,0.3,0.6,0.423,1.7,3,0.556,0.569,0.6,1,0.675,1.3,1.9,3.3,0.9,0.3,0.2,0.5,1.2,4.8,,8000000
MIN,Joe Ingles,37,SF,19,1,6,0.3,1.2,0.261,0.2,0.8,0.2,0.2,0.4,0.375,0.326,0,0,,0.1,0.5,0.6,1.2,0.1,0,0.5,0.6,0.8,,2087519
PHI,Joel Embiid,30,C,19,19,30.2,7.4,16.6,0.444,1.2,4.1,0.299,6.2,12.5,0.492,0.481,7.8,8.9,0.882,1.9,6.3,8.2,4.5,0.7,0.9,3.3,2.2,23.8,,51415938
UTA,John Collins,27,PF,40,31,30.5,7,13.3,0.527,1.5,3.7,0.399,5.5,9.6,0.577,0.583,3.5,4.1,0.848,2.2,6,8.2,2,1,1,2.6,2.9,19,,26580000
MEM,John Konchar,28,SG,46,4,12.1,0.9,2,0.451,0.5,1.3,0.371,0.4,0.6,0.621,0.577,0.2,0.2,0.875,0.8,2.5,3.3,0.9,0.7,0.3,0.3,0.7,2.4,,6165000
WAS,Johnny Davis,22,SG,34,0,7.1,0.9,2.3,0.41,0.2,0.9,0.241,0.7,1.4,0.51,0.455,0.3,0.4,0.6,0.3,0.8,1.1,0.3,0.4,0.2,0.2,0.5,2.4,,5291160
IND,Johnny Furphy,20,SG,50,0,7.6,0.7,1.8,0.38,0.3,1,0.3,0.4,0.8,0.476,0.462,0.4,0.4,0.818,0.5,1,1.4,0.4,0.4,0.2,0.2,0.8,2.1,,1850842
UTA,Johnny Juzang,23,SG,64,18,19.8,3.2,7.4,0.429,1.8,4.9,0.376,1.3,2.5,0.534,0.554,0.7,0.8,0.849,0.7,2.2,2.9,1.1,0.6,0.1,0.6,2,8.9,,3087519
2TM,Jonas Valančiūnas,32,C,81,21,18.8,4.3,7.7,0.55,0.1,0.5,0.216,4.2,7.3,0.571,0.557,1.8,2,0.879,2.3,5.4,7.7,2,0.5,0.6,1.5,2.2,10.4,,9900000
WAS,Jonas Valančiūnas,32,C,49,12,20.1,4.7,8.6,0.547,0.1,0.6,0.259,4.6,8.1,0.567,0.556,1.9,2.2,0.896,2.4,5.8,8.2,2.2,0.4,0.6,1.8,2,11.5,,9900000
SAC,Jonas Valančiūnas,32,C,32,9,16.9,3.6,6.4,0.556,0,0.3,0.1,3.5,6.1,0.579,0.559,1.6,1.8,0.847,2.2,4.8,7,1.8,0.5,0.6,1,2.6,8.7,,9900000
ORL,Jonathan Isaac,27,PF,71,1,15.4,1.9,4.6,0.414,0.5,2.1,0.258,1.3,2.4,0.549,0.474,1,1.5,0.682,1.7,2.7,4.4,0.6,0.9,1.1,0.5,1.3,5.4,,25000000
GSW,Jonathan Kuminga,22,PF,47,10,24.3,5.5,12.1,0.454,1,3.2,0.305,4.5,8.9,0.508,0.495,3.3,5,0.668,1.2,3.4,4.6,2.2,0.8,0.4,1.5,1.9,15.3,,7636154
TOR,Jonathan Mogbo,23,PF,63,18,20.4,2.5,5.7,0.438,0.3,1.1,0.243,2.2,4.5,0.486,0.462,1,1.3,0.732,1.7,3.2,4.9,2.3,0.9,0.5,1.1,2.2,6.2,,1862265
UTA,Jordan Clarkson,32,SG,37,9,26,5.4,13.3,0.408,2.3,6.3,0.362,3.2,7.1,0.448,0.493,3.1,3.9,0.797,0.7,2.5,3.2,3.7,0.8,0.2,2.3,1.4,16.2,,14092577
LAL,Jordan Goodwin,26,PG,29,5,18.7,2.2,5,0.438,0.9,2.3,0.382,1.3,2.6,0.487,0.528,0.3,0.4,0.818,1.3,2.6,3.9,1.4,1,0.4,0.9,1.5,5.6,,223718
NOP,Jordan Hawkins,22,SG,56,9,23.6,3.7,9.9,0.372,2,5.9,0.331,1.7,4,0.433,0.471,1.4,1.8,0.816,0.4,2.4,2.8,1.2,0.5,0.4,1,0.9,10.8,,4525680
2TM,Jordan McLaughlin,28,PG,46,0,6.8,0.7,1.6,0.431,0.4,1,0.413,0.3,0.6,0.462,0.563,0.4,0.5,0.773,0.1,0.5,0.7,1.1,0.3,0,0.3,0.4,2.1,,2087519
SAC,Jordan McLaughlin,28,PG,28,0,6.8,0.6,1.6,0.364,0.4,0.9,0.385,0.2,0.6,0.333,0.477,0.4,0.6,0.688,0.1,0.6,0.8,0.9,0.4,0,0.4,0.5,1.9,,2087519
SAS,Jordan McLaughlin,28,PG,18,0,6.9,0.8,1.6,0.536,0.5,1.1,0.45,0.3,0.4,0.75,0.696,0.3,0.3,1,0.1,0.4,0.5,1.5,0.3,0.1,0.3,0.3,2.5,,2087519
LAC,Jordan Miller,25,SF,37,0,11.4,1.6,3.6,0.433,0.2,1,0.211,1.4,2.6,0.521,0.463,0.8,0.9,0.8,0.6,0.9,1.6,0.9,0.5,0.1,0.7,0.7,4.1,,1050000
WAS,Jordan Poole,25,SG,68,68,29.4,6.7,15.5,0.432,3.5,9.1,0.378,3.3,6.4,0.51,0.544,3.6,4,0.883,0.5,2.5,3,4.5,1.3,0.4,3,3,20.5,,29651786
BOS,Jordan Walsh,20,PF,52,1,7.8,0.6,1.6,0.361,0.3,1.1,0.273,0.3,0.5,0.536,0.452,0.1,0.2,0.583,0.4,0.9,1.3,0.4,0.2,0.2,0.3,0.6,1.6,,1891857
NOP,Jose Alvarado,26,PG,56,23,24.4,3.6,9.3,0.392,2,5.5,0.359,1.7,3.8,0.439,0.498,1.1,1.3,0.811,0.5,1.9,2.4,4.6,1.3,0.3,1.5,1.6,10.3,,1988598
CHI,Josh Giddey,22,PG,70,69,30.2,5.3,11.4,0.465,1.5,4,0.378,3.8,7.4,0.512,0.531,2.5,3.2,0.781,1.8,6.3,8.1,7.2,1.2,0.6,2.9,1.7,14.6,,8352367
CHO,Josh Green,24,SG,68,67,27.8,2.6,6.2,0.428,1.4,3.6,0.391,1.2,2.5,0.48,0.543,0.7,1.1,0.681,0.8,1.7,2.5,1.6,1.1,0.2,1,2.4,7.4,,12654321
NYK,Josh Hart,29,SG,77,77,37.6,5.2,10,0.525,1.1,3.3,0.333,4.2,6.7,0.618,0.579,2.1,2.7,0.776,2.1,7.5,9.6,5.9,1.5,0.4,2.1,2.6,13.6,,18144000
MIN,Josh Minott,22,SF,46,0,6,1,2,0.489,0.3,0.9,0.326,0.7,1,0.638,0.567,0.4,0.4,0.895,0.3,0.8,1,0.4,0.3,0.3,0.2,0.7,2.6,,2019699
2TM,Josh Okogie,26,SG,40,7,15.6,2.4,5.3,0.443,0.8,2.3,0.348,1.6,3,0.517,0.519,1.6,2.1,0.741,1.1,1.7,2.8,0.8,1.2,0.5,0.8,1.2,7.1,,8250000
PHO,Josh Okogie,26,SG,25,1,14,2.2,4.6,0.491,0.6,1.7,0.381,1.6,2.9,0.556,0.561,0.9,1.3,0.688,1.3,1.6,2.9,0.6,0.8,0.4,0.6,1.1,6,,8250000
CHO,Josh Okogie,26,SG,15,6,18.3,2.5,6.5,0.388,1.1,3.3,0.32,1.5,3.2,0.458,0.469,2.7,3.5,0.774,0.9,1.9,2.7,1.3,1.8,0.5,1,1.3,8.9,,8250000
MIA,Josh Richardson,31,SG,8,0,18.8,1.4,4.8,0.289,0.8,2.8,0.273,0.6,2,0.313,0.368,0.5,0.5,1,0.8,0.8,1.5,1.5,1,0.1,1,2.1,4,,3051153
BOS,Jrue Holiday,34,PG,62,62,30.6,4.1,9.2,0.443,1.7,4.9,0.353,2.4,4.3,0.547,0.538,1.1,1.2,0.909,1.2,3,4.3,3.9,1.1,0.4,1.2,1.6,11.1,,30000000
2TM,JT Thor,22,PF,20,0,12.5,1.3,3,0.424,0.3,1.1,0.286,1,1.9,0.5,0.475,0.8,1.1,0.682,1,1.4,2.4,0.3,0.4,0.5,0.5,0.9,3.6,,1988598
CLE,JT Thor,22,PF,9,0,4.7,1,1.7,0.6,0.3,0.7,0.5,0.7,1,0.667,0.7,0.8,0.9,0.875,0.3,0.3,0.7,0.1,0.2,0.3,0.7,0.7,3.1,,1988598
WAS,JT Thor,22,PF,11,0,18.8,1.5,4,0.364,0.3,1.4,0.2,1.2,2.6,0.448,0.398,0.7,1.3,0.571,1.5,2.3,3.8,0.5,0.5,0.5,0.3,1,3.9,,1988598
SAS,Julian Champagnie,23,SF,82,29,23.6,3.4,8.1,0.415,2.2,5.9,0.371,1.2,2.3,0.53,0.549,1,1.1,0.904,0.8,3.1,3.9,1.4,0.7,0.4,0.9,1.4,9.9,,3000000
CHI,Julian Phillips,21,SF,79,5,14.2,1.6,3.6,0.446,0.6,1.9,0.327,1,1.7,0.582,0.533,0.8,1,0.789,0.8,1.3,2.1,0.5,0.5,0.3,0.3,1.4,4.6,,1891857
DEN,Julian Strawther,22,SG,65,4,21.3,3.2,7.5,0.432,1.4,4.1,0.349,1.8,3.3,0.535,0.529,1.1,1.4,0.822,0.3,1.9,2.2,1.3,0.6,0.2,0.9,2.3,9,,2552520
MIN,Julius Randle,30,PF,69,69,32.3,6.6,13.6,0.485,1.6,4.6,0.344,5,9.1,0.555,0.542,3.9,4.9,0.806,2.1,5,7.1,4.7,0.7,0.2,2.8,2.5,18.7,,33073920
WAS,Justin Champagnie,23,SF,62,31,21.6,3.4,6.6,0.511,1.2,3.1,0.383,2.2,3.5,0.624,0.601,0.8,1.2,0.685,1.8,3.9,5.7,1,1,0.6,0.9,1.8,8.8,,1800000
PHI,Justin Edwards,21,SF,44,26,26.3,3.9,8.6,0.455,1.6,4.3,0.363,2.3,4.3,0.548,0.546,0.7,1,0.696,1,2.3,3.4,1.6,1,0.4,1.1,2.2,10.1,,425619
2TM,Jusuf Nurkić,30,C,51,32,20.8,3.3,6.9,0.477,0.6,2.1,0.305,2.7,4.8,0.551,0.523,1.7,2.5,0.664,1.7,6.1,7.8,2.3,0.8,0.7,1.9,2.5,8.9,,18125000
PHO,Jusuf Nurkić,30,C,25,23,23.7,3,6.5,0.454,0.8,2.4,0.322,2.2,4.2,0.529,0.512,1.9,2.8,0.696,1.8,7.3,9.2,1.9,0.9,0.6,2.3,3.1,8.6,,18125000
CHO,Jusuf Nurkić,30,C,26,9,18.1,3.6,7.3,0.497,0.5,1.8,0.283,3.1,5.5,0.566,0.532,1.4,2.3,0.627,1.5,5,6.5,2.6,0.7,0.7,1.5,2,9.2,,18125000
2TM,Kai Jones,24,C,40,6,11.7,2.2,2.7,0.798,0,0.1,0.2,2.2,2.6,0.827,0.803,0.6,0.8,0.719,1,2.1,3.1,0.6,0.4,0.6,0.5,1.3,5,,2196970
LAC,Kai Jones,24,C,28,0,7.4,0.9,1.3,0.722,0,0.1,0,0.9,1.2,0.765,0.722,0.3,0.4,0.75,0.5,1.1,1.6,0.4,0.2,0.5,0.4,0.8,2.2,,2196970
DAL,Kai Jones,24,C,12,6,21.7,5.1,6.1,0.836,0.1,0.3,0.333,5,5.8,0.857,0.842,1.2,1.7,0.7,2.1,4.5,6.6,1.3,0.8,0.8,0.7,2.3,11.4,,2196970
NYK,Karl-Anthony Towns,29,C,72,72,35,8.9,16.9,0.526,2,4.7,0.42,6.9,12.2,0.567,0.584,4.7,5.7,0.829,2.9,9.8,12.8,3.1,1,0.7,2.7,3.5,24.4,"AS,NBA3",49205800
NOP,Karlo Matković,23,PF,42,7,18.8,3.2,5.6,0.574,0.5,1.6,0.318,2.7,4,0.675,0.619,0.8,1,0.773,1.5,3.5,5,1.1,0.5,1,1,2.5,7.7,,1407153
LAC,Kawhi Leonard,33,SF,37,37,31.9,8.4,16.8,0.498,2.1,5.1,0.411,6.3,11.7,0.536,0.56,2.6,3.3,0.81,0.9,5,5.9,3.1,1.6,0.5,1.9,1.5,21.5,,49350000
SAC,Keegan Murray,24,PF,76,76,34.3,4.8,10.8,0.444,2,5.9,0.343,2.8,4.9,0.566,0.538,0.8,0.9,0.833,1.9,4.8,6.7,1.4,0.8,0.9,0.8,2.4,12.4,,8809560
MIA,Kel'el Ware,20,C,64,36,22.2,4,7.3,0.554,0.5,1.7,0.315,3.5,5.5,0.629,0.592,0.7,1,0.687,1.8,5.6,7.4,0.9,0.6,1.1,0.9,1.7,9.3,ROY-6,4231800
SAS,Keldon Johnson,25,SF,77,0,23.9,4.8,10,0.482,1.1,3.6,0.318,3.7,6.4,0.573,0.538,1.9,2.5,0.773,1.5,3.4,4.8,1.6,0.6,0.3,1,1.5,12.7,,19000000
2TM,Kelly Olynyk,33,C,44,22,20.3,3,6.1,0.5,0.8,1.8,0.418,2.3,4.3,0.534,0.562,1.9,2.5,0.769,1.4,3.3,4.7,2.9,0.8,0.4,1.7,2.8,8.7,,12804878
TOR,Kelly Olynyk,33,C,24,2,16,2.5,4.9,0.5,0.8,1.8,0.442,1.7,3.1,0.533,0.581,1.4,1.8,0.791,1,2.7,3.7,2.3,0.7,0.3,1.5,2.5,7.1,,12804878
NOP,Kelly Olynyk,33,C,20,20,25.4,3.8,7.5,0.5,0.7,1.8,0.389,3.1,5.7,0.535,0.547,2.5,3.3,0.754,1.9,4,5.9,3.6,0.9,0.6,2.1,3.2,10.7,,12804878
PHI,Kelly Oubre Jr.,29,SF,60,57,34.6,5.8,12.4,0.47,1.2,4,0.293,4.6,8.3,0.555,0.518,2.3,3.1,0.751,1.6,4.5,6.1,1.8,1.5,0.5,1.3,3,15.1,,7983000
ORL,Kentavious Caldwell-Pope,31,SG,77,77,29.6,3.1,7.1,0.439,1.5,4.3,0.342,1.6,2.8,0.589,0.543,1.1,1.2,0.863,0.4,1.8,2.2,1.8,1.3,0.4,0.8,1.8,8.7,,22757000
SAC,Keon Ellis,25,SG,80,28,24.4,2.8,5.8,0.489,1.7,4,0.433,1.1,1.8,0.615,0.639,0.9,1.1,0.849,0.8,1.9,2.7,1.5,1.5,0.8,0.9,2.2,8.3,,2120693
BRK,Keon Johnson,22,SG,79,56,24.4,3.8,9.9,0.389,1.6,5.1,0.314,2.2,4.8,0.468,0.47,1.4,1.8,0.77,0.8,3,3.8,2.2,1,0.4,1.5,2.6,10.6,,2162606
MIA,Keshad Johnson,23,SF,16,0,6.1,1.1,1.6,0.692,0.2,0.4,0.429,0.9,1.2,0.789,0.75,0.3,0.6,0.444,0.4,1.4,1.8,0.3,0.3,0.3,0.3,0.7,2.7,,724883
PHO,Kevin Durant,36,PF,62,62,36.5,9.5,18.1,0.527,2.6,6,0.43,7,12.1,0.574,0.598,4.9,5.8,0.839,0.4,5.7,6,4.2,0.8,1.2,3.1,1.7,26.6,AS,51179021
2TM,Kevin Huerter,26,SG,69,31,24.3,3.7,8.8,0.425,1.9,5.7,0.338,1.8,3.1,0.587,0.535,0.5,0.7,0.714,0.4,2.5,3,2.3,1,0.3,1,1.8,9.9,,16830357
SAC,Kevin Huerter,26,SG,43,15,20.9,3,7.2,0.413,1.4,4.8,0.302,1.5,2.4,0.629,0.513,0.5,0.7,0.714,0.4,2.3,2.8,1.7,0.8,0.4,0.9,1.6,7.9,,16830357
CHI,Kevin Huerter,26,SG,26,16,30,5,11.3,0.439,2.7,7.2,0.376,2.3,4.2,0.546,0.558,0.6,0.8,0.714,0.4,2.8,3.3,3.2,1.2,0.3,1.2,2,13.2,,16830357
GSW,Kevin Knox,25,SF,14,0,6,1.3,2.6,0.5,0.3,1.1,0.267,1,1.5,0.667,0.556,0.4,0.6,0.75,0.5,0.7,1.2,0.4,0.1,0.3,0.3,0.4,3.3,,263939
MIA,Kevin Love,36,PF,23,9,10.9,1.8,5,0.357,1,2.9,0.358,0.7,2.1,0.354,0.461,0.7,1,0.696,1,3.1,4.1,1,0.7,0.2,0.6,0.9,5.3,,3850000
2TM,Kevin Porter Jr.,24,SG,75,4,19.8,3.9,8.7,0.449,0.7,2.4,0.311,3.2,6.3,0.501,0.492,1.7,2.3,0.769,0.6,3.1,3.7,3.4,1.1,0.2,1.8,1.6,10.3,,2237691
LAC,Kevin Porter Jr.,24,SG,45,2,19.6,3.8,9,0.423,0.6,2.4,0.245,3.2,6.7,0.485,0.455,1.1,1.7,0.645,0.6,2.9,3.6,3.2,1,0.2,1.9,1.6,9.3,,2237691
MIL,Kevin Porter Jr.,24,SG,30,2,19.9,4,8.2,0.494,1,2.4,0.408,3.1,5.8,0.529,0.553,2.7,3.1,0.871,0.4,3.5,3.9,3.7,1.3,0.1,1.7,1.6,11.7,,2237691
GSW,Kevon Looney,28,C,76,6,15,1.9,3.7,0.514,0,0.1,0.4,1.9,3.6,0.516,0.518,0.7,1.3,0.566,2.4,3.6,6.1,1.6,0.6,0.5,0.5,2,4.5,,8000000
UTA,Keyonte George,21,PG,67,35,31.5,5.4,13.7,0.391,2.6,7.6,0.343,2.8,6.1,0.449,0.485,3.5,4.3,0.818,0.4,3.4,3.8,5.6,0.7,0.1,2.7,1.7,16.8,,4084200
2TM,Khris Middleton,33,SF,37,21,22.8,4.3,9.1,0.475,1.3,3.6,0.361,3,5.5,0.549,0.546,1.9,2.3,0.857,0.4,3.4,3.7,4.1,0.9,0.2,1.5,2,11.9,,31666676
MIL,Khris Middleton,33,SF,23,7,23.2,4.7,9.2,0.512,1.5,3.7,0.407,3.2,5.4,0.584,0.595,1.7,2,0.848,0.2,3.5,3.7,4.4,0.7,0.2,1.6,2.3,12.6,,31666676
WAS,Khris Middleton,33,SF,14,14,22.1,3.7,9,0.413,0.9,3.4,0.277,2.8,5.6,0.494,0.464,2.4,2.7,0.868,0.6,3.1,3.7,3.4,1.3,0.2,1.4,1.6,10.7,,31666676
BRK,Killian Hayes,23,PG,6,5,27,3,7.2,0.419,1.3,3.5,0.381,1.7,3.7,0.455,0.512,1.7,2,0.833,0.8,2.2,3,5.2,0.7,0.7,1.5,2.2,9,,31666676
2TM,KJ Martin,24,PF,43,16,21.2,2.6,4.7,0.552,0.3,1.3,0.259,2.2,3.3,0.671,0.59,0.9,1.1,0.787,0.7,2.2,2.9,1.1,0.4,0.5,0.6,2.3,6.4,,7975000
PHI,KJ Martin,24,PF,24,7,20,2.5,4.1,0.616,0.3,0.9,0.381,2.2,3.3,0.679,0.657,1,1.2,0.828,0.9,2.1,3,0.8,0.5,0.7,0.5,2.6,6.4,,7975000
UTA,KJ Martin,24,SF,19,9,22.7,2.6,5.4,0.49,0.4,1.9,0.189,2.3,3.4,0.662,0.525,0.7,0.9,0.722,0.5,2.3,2.8,1.5,0.3,0.3,0.6,2.1,6.3,,7975000
DAL,Klay Thompson,34,SF,72,72,27.3,5,12.2,0.412,3,7.7,0.391,2,4.5,0.448,0.535,0.9,1,0.905,0.6,2.8,3.4,2,0.7,0.4,1.2,1.1,14,,15873016
LAC,Kobe Brown,25,PF,40,0,6.8,0.8,1.8,0.458,0.2,0.7,0.231,0.7,1.2,0.587,0.5,0.1,0.2,0.714,0.5,1.2,1.6,0.6,0.2,0.1,0.3,0.6,1.9,,2533920
ATL,Kobe Bufkin,21,SG,10,0,12.4,1.8,4.7,0.383,0.4,1.9,0.211,1.4,2.8,0.5,0.426,1.3,1.8,0.722,0.5,1.6,2.1,1.7,0.3,0.2,0.8,0.9,5.3,,4299000
LAC,Kris Dunn,30,PG,74,58,24.1,2.6,5.9,0.439,1,3,0.335,1.6,2.9,0.549,0.525,0.2,0.3,0.682,0.7,2.7,3.4,2.8,1.7,0.4,1,2.7,6.4,,5168000
POR,Kris Murray,24,SF,69,6,15.1,1.7,4,0.419,0.4,1.7,0.225,1.3,2.3,0.566,0.468,0.4,0.8,0.456,1.1,1.5,2.6,1,0.5,0.2,0.6,1,4.2,,2990040
BOS,Kristaps Porziņģis,29,C,42,42,28.8,6.6,13.7,0.483,2.5,6,0.412,4.1,7.7,0.537,0.572,3.8,4.7,0.809,1.6,5.1,6.8,2.1,0.7,1.5,1.3,2.8,19.5,,29268293
2TM,Kyle Anderson,31,PF,61,4,16.4,2.3,5,0.469,0.4,1.1,0.357,1.9,3.8,0.502,0.51,0.8,1.1,0.738,0.9,2.5,3.4,2.4,0.7,0.5,0.6,1.3,5.9,,8780488
GSW,Kyle Anderson,31,PF,36,3,15,2.1,4.7,0.45,0.5,1.4,0.365,1.6,3.3,0.487,0.506,0.5,0.8,0.667,0.8,2.3,3.1,2.3,0.7,0.6,0.6,1.1,5.3,,8780488
MIA,Kyle Anderson,31,SF,25,1,18.4,2.6,5.4,0.493,0.2,0.7,0.333,2.4,4.6,0.517,0.515,1.2,1.5,0.789,1,2.8,3.8,2.6,0.6,0.5,0.7,1.6,6.7,,8780488
UTA,Kyle Filipowski,21,C,72,27,21.1,3.6,7.2,0.502,1.1,3.1,0.35,2.5,4.1,0.614,0.576,1.3,2,0.65,1.6,4.6,6.1,1.9,0.7,0.3,1.4,2.4,9.6,,3000000
2TM,Kyle Kuzma,29,PF,65,62,29.8,5.7,13,0.436,1.5,4.8,0.307,4.2,8.2,0.512,0.493,2,3.1,0.634,0.8,4.9,5.7,2.3,0.6,0.3,2.2,1.8,14.8,,22410605
WAS,Kyle Kuzma,29,PF,32,30,27.7,6,14.2,0.42,1.4,5,0.281,4.6,9.2,0.495,0.469,1.8,3.1,0.602,0.8,4.9,5.8,2.5,0.6,0.2,2.3,1.6,15.2,,22410605
MIL,Kyle Kuzma,29,PF,33,32,31.8,5.4,11.9,0.455,1.5,4.6,0.333,3.9,7.3,0.533,0.52,2.1,3.2,0.663,0.8,4.8,5.6,2.2,0.5,0.4,2.2,2,14.5,,22410605
PHI,Kyle Lowry,38,PG,35,12,18.8,1.2,3.3,0.35,0.8,2.5,0.33,0.3,0.8,0.414,0.474,0.8,0.9,0.818,0.3,1.6,1.9,2.7,0.9,0.3,0.6,1.8,3.9,,2087519
DAL,Kyrie Irving,32,SG,50,50,36.1,8.9,18.9,0.473,2.9,7.2,0.401,6.1,11.7,0.517,0.549,3.9,4.3,0.916,1.2,3.6,4.8,4.6,1.3,0.5,2.2,2,24.7,"CPOY-10,AS",41000000
WAS,Kyshawn George,21,SG,68,38,26.5,3,8,0.372,1.7,5.2,0.322,1.3,2.8,0.464,0.476,1,1.4,0.753,0.7,3.5,4.2,2.5,1,0.7,1.4,3,8.7,,2825520
MEM,Lamar Stevens,27,PF,17,1,9.1,1.7,3.7,0.46,0.5,1.6,0.296,1.2,2.1,0.583,0.524,0.5,0.6,0.727,0.2,2,2.2,0.5,0.3,0.2,0.6,0.9,4.4,,383912
CHO,LaMelo Ball,23,PG,47,47,32,8.6,21.3,0.405,3.8,11.2,0.339,4.8,10.1,0.478,0.494,4.1,4.9,0.843,1,3.9,4.9,7.4,1.1,0.3,3.6,3.3,25.2,,35147000
NYK,Landry Shamet,27,SG,50,0,15.2,2.1,4.6,0.461,1.2,3.1,0.397,0.9,1.5,0.595,0.596,0.2,0.4,0.667,0.2,1,1.2,0.5,0.5,0,0.4,1,5.7,,1343690
ATL,Larry Nance Jr.,32,PF,24,3,19.3,3.3,6.5,0.516,1.4,3.2,0.447,1.9,3.3,0.582,0.626,0.4,0.5,0.692,1,3.3,4.3,1.6,0.8,0.5,0.7,1.5,8.5,,11205000
UTA,Lauri Markkanen,27,PF,47,47,31.4,6.3,14.9,0.423,2.9,8.5,0.346,3.4,6.4,0.525,0.521,3.4,3.9,0.876,1.5,4.4,5.9,1.5,0.7,0.4,1.4,1.7,19,,42176400
LAL,LeBron James,40,SF,70,70,34.9,9.3,18.1,0.513,2.1,5.7,0.376,7.2,12.5,0.574,0.571,3.7,4.7,0.782,1,6.8,7.8,8.2,1,0.6,3.7,1.4,24.4,"MVP-6,CPOY-7,AS,NBA2",48728845
MIN,Leonard Miller,21,SF,13,0,2.5,0.5,1.2,0.4,0,0.4,0,0.5,0.8,0.6,0.4,0.6,0.6,1,0.2,0.6,0.8,0,0.2,0.1,0.2,0.2,1.5,,1891857
2TM,Lindy Waters III,27,SG,52,9,15,1.8,4.8,0.369,1.2,3.6,0.344,0.5,1.2,0.444,0.498,0.2,0.2,0.727,0.4,1.7,2.1,1,0.5,0.2,0.4,1.2,4.9,,2196970
GSW,Lindy Waters III,27,SG,38,9,17.2,2,5.4,0.371,1.3,3.9,0.331,0.7,1.5,0.474,0.49,0.2,0.3,0.727,0.4,2.1,2.5,1.1,0.6,0.3,0.4,1.4,5.5,,2196970
DET,Lindy Waters III,27,SG,14,0,8.8,1.1,3.1,0.364,1.1,2.7,0.395,0.1,0.4,0.167,0.534,0,0,,0.3,0.7,1,0.7,0.4,0.1,0.2,0.5,3.4,,2196970
PHI,Lonnie Walker IV,26,SG,20,7,23.9,4.5,10.6,0.42,2.3,6.4,0.354,2.2,4.3,0.518,0.526,1.2,1.5,0.8,0.3,2.9,3.2,2.5,0.5,0.3,1.3,1.4,12.4,,780932
CHI,Lonzo Ball,27,PG,35,14,22.2,2.5,6.9,0.366,1.9,5.6,0.344,0.6,1.4,0.458,0.504,0.6,0.8,0.815,0.7,2.7,3.4,3.3,1.3,0.5,1.2,1.6,7.6,,21395348
OKC,Luguentz Dort,25,SF,71,71,29.2,3.6,8.4,0.435,2.4,5.8,0.412,1.2,2.5,0.489,0.578,0.5,0.6,0.717,1.3,2.9,4.1,1.6,1.1,0.5,0.7,2.9,10.1,"DPOY-4,DEF1",16500000
2TM,Luka Dončić,25,PG,50,50,35.4,9.2,20.5,0.45,3.5,9.6,0.368,5.7,10.9,0.522,0.536,6.2,7.9,0.782,0.8,7.4,8.2,7.7,1.8,0.4,3.6,2.5,28.2,,43031940
DAL,Luka Dončić,25,PG,22,22,35.7,9.8,21.2,0.464,3.4,9.6,0.354,6.4,11.5,0.555,0.544,5.1,6.6,0.767,0.7,7.6,8.3,7.8,2,0.4,3.4,2.6,28.1,,43031940
LAL,Luka Dončić,25,PG,28,28,35.1,8.8,20,0.438,3.6,9.6,0.379,5.1,10.4,0.493,0.53,7,8.9,0.791,0.9,7.2,8.1,7.5,1.6,0.4,3.7,2.4,28.2,,43031940
MIN,Luka Garza,26,C,39,0,5.6,1.3,2.7,0.495,0.3,0.9,0.278,1.1,1.8,0.609,0.543,0.6,0.9,0.686,0.8,0.6,1.4,0.3,0.2,0.1,0.3,0.7,3.5,,2162606
MEM,Luke Kennard,28,SG,65,11,22.6,3.2,6.6,0.478,1.7,4,0.433,1.4,2.6,0.547,0.609,0.8,0.9,0.895,0.6,2.2,2.8,3.3,0.8,0.1,1.1,0.9,8.9,,9250000
BOS,Luke Kornet,29,C,73,16,18.6,2.6,3.8,0.668,0,0,0,2.6,3.8,0.675,0.668,0.9,1.3,0.691,2.6,2.7,5.3,1.6,0.5,1,0.4,1.6,6,,2087519
SAS,Malaki Branham,21,SG,47,0,9.1,1.9,4,0.458,0.7,1.8,0.405,1.1,2.3,0.5,0.547,0.6,0.7,0.818,0.1,0.9,1.1,0.8,0.2,0,0.7,0.6,5,,3217920
WAS,Malcolm Brogdon,32,PG,24,13,23.5,4.3,10,0.433,0.7,2.3,0.286,3.7,7.7,0.478,0.467,3.4,3.8,0.88,0.9,2.9,3.8,4.1,0.5,0.2,1.6,1.3,12.7,,22500000
DET,Malik Beasley,28,SG,82,18,27.8,5.6,13.1,0.43,3.9,9.3,0.416,1.7,3.7,0.466,0.579,1.2,1.7,0.679,0.6,2,2.6,1.7,0.9,0.1,1,1.5,16.3,6MOY-2,6000000
SAC,Malik Monk,26,SG,65,45,31.6,6.3,14.4,0.439,2.1,6.6,0.325,4.2,7.9,0.534,0.513,2.4,2.7,0.865,0.5,3.3,3.8,5.6,0.9,0.6,2.4,2.4,17.2,,17405202
DET,Marcus Sasser,24,PG,57,1,14.2,2.4,5.2,0.463,1,2.7,0.382,1.4,2.5,0.549,0.561,0.8,0.9,0.843,0.3,0.9,1.2,2.3,0.6,0.1,0.9,1.3,6.6,,2755080
2TM,Marcus Smart,30,PG,34,7,20,3,7.6,0.393,1.4,4.1,0.348,1.5,3.4,0.448,0.488,1.6,2.1,0.761,0.5,1.6,2.1,3.2,1.1,0.3,1.6,1.6,9,,20210285
MEM,Marcus Smart,30,PG,19,6,21.1,2.8,7.8,0.358,1.5,4.7,0.322,1.3,3.1,0.414,0.456,1.6,1.9,0.833,0.7,1.5,2.3,3.7,1.2,0.3,1.8,1.6,8.7,,20210285
WAS,Marcus Smart,30,PG,15,1,18.7,3.2,7.3,0.44,1.3,3.4,0.392,1.9,3.9,0.483,0.532,1.6,2.3,0.686,0.3,1.7,1.9,2.5,1.1,0.2,1.3,1.5,9.3,,20210285
3TM,MarJon Beauchamp,24,SF,35,0,4.5,0.8,1.9,0.415,0.3,0.8,0.345,0.5,1,0.472,0.492,0.4,0.6,0.75,0.3,0.9,1.3,0.3,0.1,0,0.4,0.4,2.3,,2733720
MIL,MarJon Beauchamp,24,SF,26,0,4.7,0.7,1.8,0.383,0.3,0.8,0.333,0.4,1,0.423,0.457,0.3,0.5,0.75,0.3,1,1.2,0.3,0.1,0,0.5,0.4,2,,2733720
LAC,MarJon Beauchamp,24,SF,3,0,5.7,1.3,2.3,0.571,0.7,1,0.667,0.7,1.3,0.5,0.714,0.7,1.3,0.5,0.7,0.3,1,0.7,0,0,0.3,0.7,4,,2733720
NYK,MarJon Beauchamp,24,SF,6,0,2.8,0.8,1.8,0.455,0.2,0.8,0.2,0.7,1,0.667,0.5,0.7,0.7,1,0.3,1.2,1.5,0.2,0.2,0,0.2,0.3,2.5,,2733720
CHO,Mark Williams,23,C,44,41,26.6,6.1,10.2,0.604,0,0.1,0,6.1,10.1,0.609,0.604,3,3.7,0.804,3,7.2,10.2,2.5,0.7,1.2,1.6,2.4,15.3,,4094280
SAC,Markelle Fultz,26,PG,21,0,8.8,1.3,3.2,0.418,0.2,0.4,0.5,1.1,2.8,0.407,0.448,0,0,1,0.3,0.7,1,1.3,0.5,0.1,0.7,0.6,2.9,,731831
2TM,Markieff Morris,35,PF,15,2,11,1.4,4.7,0.3,0.6,2.4,0.25,0.8,2.3,0.353,0.364,0.3,0.4,0.833,0.2,1.3,1.5,1.4,0.1,0.2,0.3,1.1,3.7,,2087519
DAL,Markieff Morris,35,PF,7,0,5.9,0.7,3.1,0.227,0.3,1.9,0.154,0.4,1.3,0.333,0.273,0,0,,0,1.1,1.1,0.6,0.1,0.1,0.3,0.3,1.7,,2087519
LAL,Markieff Morris,35,PF,8,2,15.5,2,6,0.333,0.9,2.9,0.304,1.1,3.1,0.36,0.406,0.6,0.8,0.833,0.4,1.5,1.9,2.1,0.1,0.3,0.4,1.8,5.5,,2087519
2TM,Marvin Bagley III,25,PF,31,2,8.5,1.8,3.4,0.519,0.1,0.6,0.158,1.7,2.8,0.598,0.533,0.7,1.1,0.657,1.2,1.5,2.7,0.4,0.3,0.3,0.4,0.6,4.4,,12500000
WAS,Marvin Bagley III,25,C,19,1,8.7,2,3.7,0.535,0.1,0.5,0.2,1.9,3.2,0.59,0.549,0.8,1.2,0.652,1.4,1.5,2.9,0.4,0.4,0.3,0.6,0.6,4.9,,12500000
MEM,Marvin Bagley III,25,PF,12,1,8.3,1.4,2.9,0.486,0.1,0.8,0.111,1.3,2.2,0.615,0.5,0.7,1,0.667,0.9,1.4,2.3,0.3,0.2,0.3,0.1,0.5,3.6,,12500000
PHO,Mason Plumlee,34,C,74,21,17.6,1.7,2.7,0.619,0,0.1,0,1.7,2.7,0.631,0.619,1.1,1.7,0.648,1.6,4.6,6.1,1.8,0.4,0.6,0.8,2.1,4.5,,2087519
CHI,Matas Buzelis,20,SF,80,31,18.9,3.2,6.9,0.454,1.2,3.3,0.361,2,3.6,0.54,0.541,1.1,1.4,0.815,0.7,2.8,3.5,1,0.4,0.9,0.9,1.6,8.6,ROY-7,5195520
POR,Matisse Thybulle,27,SG,15,5,20.8,2.8,5.9,0.477,1.4,3.2,0.438,1.4,2.7,0.525,0.597,0.5,1,0.467,0.9,2.5,3.5,1.9,2.2,0.6,0.9,0.9,7.5,,11025160
NYK,Matt Ryan,27,SF,19,0,3.6,0.5,1.6,0.323,0.3,1,0.316,0.2,0.6,0.333,0.419,0.1,0.1,1,0,0.4,0.4,0.2,0.1,0,0.2,0.1,1.5,,1919558
2TM,Max Christie,21,SG,78,36,27.3,3.2,7.6,0.427,1.5,4,0.366,1.8,3.5,0.496,0.525,1.7,1.9,0.855,0.5,2.8,3.3,1.9,0.8,0.4,1.1,1.5,9.6,,7142857
LAL,Max Christie,21,SG,46,25,25.1,2.8,6.3,0.444,1.3,3.5,0.368,1.5,2.7,0.544,0.549,1.6,1.9,0.851,0.5,2.1,2.7,1.4,0.8,0.5,0.8,1.6,8.5,,7142857
DAL,Max Christie,21,SG,32,11,30.4,3.9,9.4,0.411,1.7,4.7,0.364,2.2,4.7,0.457,0.502,1.8,2,0.862,0.4,3.8,4.2,2.5,0.9,0.3,1.5,1.3,11.2,,7142857
CLE,Max Strus,28,SF,50,37,25.5,3.3,7.5,0.442,2.3,5.9,0.386,1,1.6,0.65,0.594,0.6,0.7,0.824,1.1,3.3,4.3,3.2,0.5,0.2,1.1,2.1,9.4,,15212068
DAL,Maxi Kleber,33,PF,34,4,18.7,1.1,2.8,0.385,0.4,1.4,0.265,0.7,1.4,0.511,0.453,0.5,0.6,0.762,0.7,2.1,2.8,1.3,0.3,0.5,0.7,1.9,3,,11000000
2TM,Maxwell Lewis,22,SF,28,1,11.7,1.6,3.9,0.417,0.7,1.8,0.38,0.9,2.1,0.448,0.505,0.3,0.4,0.7,0.6,1.3,2,0.7,0.3,0.3,0.5,1,4.1,,1891857
LAL,Maxwell Lewis,22,SF,7,0,4.1,0.3,0.9,0.333,0,0,,0.3,0.9,0.333,0.333,0,0,,0.3,0,0.3,0.3,0.1,0,0.3,0.1,0.6,,1891857
BRK,Maxwell Lewis,22,SF,21,1,14.2,2,4.9,0.422,0.9,2.4,0.38,1.1,2.5,0.462,0.515,0.3,0.5,0.7,0.8,1.8,2.5,0.8,0.4,0.3,0.6,1.3,5.3,,1891857
DEN,Michael Porter Jr.,26,SF,77,77,33.7,6.9,13.6,0.504,2.5,6.4,0.395,4.4,7.3,0.599,0.596,1.9,2.5,0.768,1.8,5.2,7,2.1,0.6,0.5,1.4,2,18.2,,35859950
NYK,Mikal Bridges,28,SF,82,82,37,7.2,14.4,0.5,2,5.6,0.354,5.2,8.8,0.594,0.57,1.2,1.4,0.814,0.9,2.3,3.2,3.7,0.9,0.5,1.6,1.5,17.6,,23300000
MIN,Mike Conley,37,PG,71,64,24.7,2.6,6.6,0.4,1.8,4.4,0.41,0.8,2.2,0.38,0.535,1.1,1.3,0.9,0.5,2.1,2.6,4.5,1.1,0.2,1.1,1.6,8.2,,9975962
CHO,Miles Bridges,26,PF,64,64,31.7,7.3,17,0.431,2.2,7,0.313,5.1,10,0.513,0.495,3.5,4,0.87,1.1,6.4,7.5,3.9,0.7,0.7,2.1,1.5,20.3,,27173913
NYK,Miles McBride,24,SG,64,10,24.9,3.5,8.5,0.406,1.8,4.9,0.369,1.7,3.7,0.455,0.511,0.8,1,0.813,0.7,1.8,2.5,2.9,1,0.3,0.6,1.7,9.5,,4710144
NYK,Mitchell Robinson,26,C,17,3,17.1,2.2,3.3,0.661,0,0,,2.2,3.3,0.661,0.661,0.8,1.1,0.684,3.1,2.9,5.9,0.8,0.9,1.1,0.6,1.5,5.1,,14318182
2TM,Mo Bamba,26,C,32,2,12.9,1.6,3.5,0.464,0.5,1.7,0.278,1.2,1.8,0.638,0.531,0.6,0.8,0.704,1,3.5,4.5,0.6,0.3,1,0.6,1.8,4.3,,2087519
LAC,Mo Bamba,26,C,28,2,12.6,1.7,3.7,0.466,0.5,1.8,0.3,1.2,1.9,0.623,0.539,0.6,0.9,0.68,0.9,3.4,4.3,0.6,0.3,1,0.7,1.8,4.6,,2087519
NOP,Mo Bamba,26,C,4,0,15.3,1,2.3,0.444,0,1,0,1,1.3,0.8,0.444,0.5,0.5,1,1.5,4.8,6.3,0.5,0,0.8,0.3,1.8,2.5,,2087519
PHO,Monte Morris,29,PG,45,0,12.7,1.8,4.3,0.426,0.7,1.9,0.36,1.2,2.4,0.477,0.505,0.8,0.9,0.857,0.3,1.2,1.5,1.6,0.4,0.1,0.5,0.5,5.2,,2087519
ORL,Moritz Wagner,27,C,30,1,18.8,4.7,8.3,0.562,0.9,2.5,0.36,3.8,5.8,0.649,0.616,2.6,3.7,0.718,1.3,3.6,4.9,1.4,0.8,0.4,1.6,1.8,12.9,,11000000
GSW,Moses Moody,22,SG,74,34,22.3,3.3,7.7,0.433,1.7,4.6,0.374,1.6,3.1,0.519,0.544,1.4,1.8,0.797,0.7,1.9,2.6,1.3,0.8,0.4,0.7,1.6,9.8,,5803269
ATL,Mouhamed Gueye,22,PF,33,28,16.2,2.2,5.2,0.421,0.6,2.5,0.259,1.5,2.7,0.567,0.482,1,1.3,0.762,1.3,2.9,4.2,0.8,0.8,1,0.5,1.7,6,,1891858
CHO,Moussa Diabaté,23,C,71,8,17.5,2.4,3.9,0.596,0,0.1,0,2.4,3.9,0.609,0.596,1,1.6,0.595,2.6,3.5,6.2,0.8,0.6,0.6,0.9,1.5,5.7,,957763
IND,Myles Turner,28,C,72,72,30.2,5.4,11.3,0.481,2.2,5.5,0.396,3.3,5.8,0.561,0.577,2.6,3.3,0.773,1.3,5.3,6.5,1.5,0.8,2,1.7,2.5,15.6,,19928500
DAL,Naji Marshall,27,SF,69,31,27.8,5.2,10.3,0.508,0.9,3.2,0.275,4.4,7.2,0.611,0.551,1.9,2.3,0.813,1.1,3.7,4.8,3,1,0.2,1.6,1.6,13.2,,8571429
HOU,Nate Williams,25,SG,20,0,7.4,1.4,3.1,0.435,0.3,1.3,0.231,1.1,1.8,0.583,0.484,0.3,0.4,0.625,0.3,0.4,0.7,0.5,0.4,0.2,0.7,0.8,3.3,,515881
MIN,Naz Reid,25,C,80,17,27.5,5.3,11.5,0.462,2.2,5.8,0.379,3.1,5.8,0.544,0.556,1.4,1.8,0.776,1.2,4.9,6,2.3,0.7,0.9,1.4,2.4,14.2,6MOY-5,13986432
BOS,Neemias Queta,25,C,62,6,13.9,2.1,3.3,0.65,0,0,0,2.1,3.2,0.66,0.65,0.7,1,0.754,1.4,2.4,3.8,0.7,0.3,0.7,0.6,1.7,5,,2162606
BRK,Nic Claxton,25,C,70,62,26.9,4.6,8.1,0.563,0.1,0.3,0.238,4.5,7.8,0.576,0.568,1.1,2.2,0.513,2.2,5.1,7.4,2.2,0.9,1.4,1.2,2.1,10.3,,27556817
2TM,Nick Richards,27,C,57,43,22,3.6,6.1,0.591,0,0,0,3.6,6.1,0.594,0.591,2.1,2.8,0.744,2.6,5.6,8.2,0.9,0.2,1,1.4,2.5,9.3,,5000000
CHO,Nick Richards,27,C,21,9,21,3,5.4,0.561,0,0,0,3,5.4,0.566,0.561,2.8,4.1,0.678,2.4,5.1,7.5,1.3,0.3,1.2,1.6,2.3,8.9,,5000000
PHO,Nick Richards,27,C,36,34,22.7,3.9,6.5,0.605,0,0,0,3.9,6.4,0.608,0.605,1.7,2,0.822,2.7,5.9,8.6,0.6,0.2,0.8,1.3,2.6,9.5,,5000000
CHO,Nick Smith Jr.,20,SG,60,27,22.8,3.7,9.5,0.391,1.7,5.1,0.34,2,4.4,0.45,0.482,0.7,0.8,0.935,0.2,1.9,2.1,2.4,0.3,0.1,1.4,1.3,9.9,,2587200
MIN,Nickeil Alexander-Walker,26,SG,82,10,25.3,3.3,7.5,0.438,1.7,4.5,0.381,1.6,3,0.524,0.553,1.1,1.4,0.78,0.7,2.6,3.2,2.7,0.6,0.4,1.2,1.7,9.4,6MOY-6,4312500
LAC,Nicolas Batum,36,PF,78,8,17.5,1.3,3.1,0.437,1.1,2.6,0.433,0.2,0.4,0.457,0.622,0.2,0.3,0.81,0.6,2.2,2.8,1.1,0.7,0.5,0.4,1.4,4,,4668000
DEN,Nikola Jokić,29,C,70,70,36.7,11.2,19.5,0.576,2,4.7,0.417,9.3,14.8,0.627,0.627,5.2,6.4,0.8,2.9,9.9,12.7,10.2,1.8,0.6,3.3,2.3,29.6,"MVP-2,CPOY-2,AS,NBA1",51415938
MIA,Nikola Jović,21,PF,46,10,25.1,3.7,8.2,0.456,1.7,4.6,0.371,2,3.6,0.563,0.56,1.6,1.9,0.828,0.6,3.3,3.9,2.8,0.8,0.3,1.3,1.8,10.7,,2464200
CHI,Nikola Vučević,34,C,73,72,31.2,7.5,14.2,0.53,1.8,4.4,0.402,5.8,9.8,0.587,0.592,1.6,2,0.805,2.4,7.6,10.1,3.5,0.8,0.7,1.6,2.2,18.5,,20000000
BRK,Noah Clowney,20,PF,46,20,22.7,2.9,8.1,0.358,1.9,5.7,0.333,1,2.4,0.414,0.474,1.5,1.7,0.838,0.9,3,3.9,0.9,0.5,0.5,1,2.3,9.1,,3244080
LAC,Norman Powell,31,SG,60,60,32.6,7.6,15.8,0.484,3,7.1,0.418,4.6,8.6,0.538,0.578,3.6,4.4,0.804,0.4,2.8,3.2,2.1,1.2,0.2,1.8,1.9,21.8,,19241379
IND,Obi Toppin,26,PF,79,4,19.6,4,7.6,0.529,1.4,3.8,0.365,2.6,3.8,0.695,0.621,1.1,1.4,0.781,0.7,3.3,4,1.6,0.6,0.4,0.9,1.4,10.5,,12946429
TOR,Ochai Agbaji,24,SG,64,45,27.2,4.2,8.3,0.498,1.6,4,0.399,2.6,4.4,0.587,0.593,0.5,0.8,0.708,1,2.8,3.8,1.5,0.9,0.5,0.8,2,10.4,,4310280
NYK,OG Anunoby,27,PF,74,74,36.6,6.6,13.9,0.476,2.3,6.2,0.372,4.3,7.7,0.561,0.559,2.5,3.1,0.81,1.3,3.5,4.8,2.2,1.5,0.9,1.4,2.3,18,,36637931
DAL,Olivier-Maxence Prosper,22,PF,52,4,11.2,1.3,3.3,0.402,0.2,1,0.235,1.1,2.4,0.472,0.437,0.9,1.5,0.645,0.8,1.6,2.4,0.8,0.5,0.1,0.3,0.5,3.9,,2869920
ATL,Onyeka Okongwu,24,C,74,40,27.9,5.2,9.2,0.567,0.6,2,0.324,4.6,7.2,0.634,0.602,2.2,2.9,0.759,3,5.9,8.9,2.3,0.9,0.9,1.2,2.6,13.4,,14000000
2TM,Orlando Robinson,24,C,44,8,17.5,2.6,5.9,0.444,0.4,1.2,0.327,2.3,4.8,0.474,0.477,1.2,1.6,0.771,2,3,5,1.8,0.4,0.4,1.1,2.3,6.9,,491887
SAC,Orlando Robinson,24,C,9,0,6.3,0.8,1.9,0.412,0.1,0.6,0.2,0.7,1.3,0.5,0.441,0.4,0.8,0.571,0.3,1.2,1.6,1,0.3,0.1,0.4,0.7,2.1,,491887
TOR,Orlando Robinson,24,C,35,8,20.4,3.1,7,0.447,0.5,1.3,0.34,2.7,5.6,0.472,0.48,1.4,1.8,0.794,2.5,3.4,5.9,1.9,0.4,0.4,1.3,2.7,8.1,,491887
PHO,Oso Ighodaro,22,PF,61,6,17.1,1.9,3.1,0.604,0,0,0,1.9,3,0.611,0.604,0.5,0.8,0.58,1.1,2.6,3.6,1.2,0.5,0.5,0.6,1.7,4.2,,1157153
OKC,Ousmane Dieng,21,C,37,1,10.9,1.5,3.4,0.432,0.6,1.9,0.324,0.8,1.5,0.574,0.524,0.3,0.4,0.688,0.5,1.7,2.2,0.8,0.5,0.2,0.5,0.9,3.8,,5027040
NYK,P.J. Tucker,39,SF,3,1,19.3,1,2.3,0.429,1,2,0.5,0,0.3,0,0.643,0,0,,1.3,1.3,2.7,0,0.3,0.3,0.3,2.7,3,,246833
DAL,P.J. Washington,26,PF,57,56,32.2,5.3,11.7,0.453,1.6,4.2,0.381,3.7,7.5,0.493,0.521,2.5,3.5,0.722,1.4,6.3,7.8,2.3,1.1,1.1,2.1,2.3,14.7,,15500000
NYK,Pacôme Dadiet,19,SG,18,0,6.2,0.6,1.7,0.323,0.3,1.1,0.316,0.2,0.7,0.333,0.419,0.2,0.3,0.667,0.2,0.8,1,0.3,0.2,0.1,0.2,0.4,1.7,,1808080
ORL,Paolo Banchero,22,PF,46,46,34.4,9,19.8,0.452,1.9,5.9,0.32,7.1,13.9,0.509,0.5,6.1,8.4,0.727,1.1,6.4,7.5,4.8,0.8,0.6,3,2.1,25.9,,12160800
IND,Pascal Siakam,30,PF,78,78,32.7,7.9,15.2,0.519,1.6,4.2,0.389,6.2,11,0.568,0.572,2.9,3.9,0.734,1.7,5.2,6.9,3.4,0.9,0.5,1.4,2.4,20.2,AS,42176000
MIL,Pat Connaughton,32,SG,41,1,14.7,2,4.3,0.469,0.6,2,0.321,1.4,2.3,0.594,0.542,0.6,0.8,0.774,0.5,2.2,2.7,1.7,0.2,0.3,0.6,1.1,5.3,,9423869
GSW,Pat Spencer,28,PG,39,0,6.4,1.1,2.6,0.406,0.1,0.6,0.227,0.9,2,0.456,0.431,0.3,0.4,0.733,0.4,0.8,1.2,1.2,0.4,0.1,0.5,0.5,2.5,,438810
2TM,Patrick Baldwin Jr.,22,SF,24,0,4.5,0.8,1.5,0.543,0.5,1,0.565,0.3,0.5,0.5,0.729,0.1,0.2,0.5,0.2,0.8,1,0.1,0.1,0.1,0.2,0.3,2.2,,2448840
WAS,Patrick Baldwin Jr.,22,SF,22,0,4.6,0.8,1.5,0.515,0.5,1,0.524,0.3,0.5,0.5,0.682,0.1,0.2,0.5,0.2,0.8,1,0.1,0.1,0.1,0.2,0.2,2.1,,2448840
LAC,Patrick Baldwin Jr.,22,SF,2,0,3,1,1,1,1,1,1,0,0,,1.5,0,0,,0,1.5,1.5,0.5,0,0,0,1,3,,2448840
CHI,Patrick Williams,23,PF,63,36,25,3.3,8.2,0.397,1.5,4.3,0.353,1.7,3.9,0.447,0.49,1,1.3,0.723,0.7,3.1,3.8,2,0.8,0.5,1.4,1.4,9,,18500000
2TM,Patty Mills,36,PG,29,0,11.1,1.2,3.3,0.375,0.9,2.6,0.347,0.3,0.7,0.476,0.51,0.4,0.5,0.929,0.1,0.6,0.8,0.9,0.4,0.1,0.6,0.8,3.8,,2087519
UTA,Patty Mills,36,PG,17,0,15.3,1.5,4.5,0.342,1,3.4,0.298,0.5,1.1,0.474,0.454,0.3,0.3,1,0.2,1.1,1.2,1.2,0.7,0.2,0.9,0.7,4.4,,2087519
LAC,Patty Mills,36,PG,12,0,5.1,0.8,1.7,0.5,0.8,1.5,0.5,0.1,0.2,0.5,0.725,0.7,0.8,0.889,0.1,0,0.1,0.4,0.1,0,0.1,1,3.1,,2087519
PHI,Paul George,34,PF,41,41,32.5,6,13.9,0.43,2.3,6.5,0.358,3.6,7.4,0.493,0.514,1.9,2.4,0.814,0.6,4.8,5.3,4.3,1.8,0.5,2.6,2.5,16.2,,49205800
DET,Paul Reed,25,C,45,0,9.7,1.6,3.2,0.507,0.2,0.6,0.286,1.4,2.5,0.561,0.535,0.7,0.9,0.762,0.9,1.8,2.7,1,0.9,0.6,0.6,1.7,4.1,,1427671
BOS,Payton Pritchard,27,PG,80,3,28.4,5.1,10.8,0.472,3.2,7.8,0.407,1.9,3,0.642,0.62,0.9,1.1,0.845,1.3,2.6,3.8,3.5,0.9,0.2,1,1.5,14.3,6MOY-1,6696429
MIA,Pelle Larsson,23,SG,55,8,14.2,1.6,3.7,0.438,0.6,1.7,0.337,1,2,0.528,0.517,0.7,1.1,0.672,0.5,1.2,1.7,1.2,0.6,0.1,0.4,1.7,4.6,,1157143
DEN,Peyton Watson,22,SF,68,18,24.4,3,6.3,0.477,0.7,2,0.353,2.3,4.3,0.534,0.533,1.4,2,0.693,0.7,2.7,3.4,1.4,0.7,1.4,0.8,1.8,8.1,,2413560
MIN,PJ Dozier,28,SG,9,0,3.9,0.2,0.3,0.667,0.2,0.3,0.667,0,0,,1,0.1,0.7,0.167,0.1,0.4,0.6,0.6,0.1,0,0.1,0.3,0.8,,2087519
NYK,Precious Achiuwa,25,C,57,10,20.5,2.9,5.7,0.502,0.2,0.6,0.278,2.7,5.1,0.529,0.517,0.7,1.2,0.594,1.8,3.8,5.6,1,0.8,0.7,0.8,1.4,6.6,,6000000
2TM,Quentin Grimes,24,SG,75,37,26.8,5.1,11,0.467,2.2,5.6,0.385,3,5.4,0.552,0.565,2.2,2.9,0.757,0.8,3.5,4.3,3,1,0.3,1.9,1.8,14.6,,4296615
DAL,Quentin Grimes,24,SG,47,12,22.8,3.6,7.8,0.463,1.7,4.3,0.398,1.9,3.5,0.543,0.573,1.3,1.7,0.765,0.6,3.2,3.8,2.1,0.7,0.2,1.3,1.7,10.2,,4296615
PHI,Quentin Grimes,24,SG,28,25,33.7,7.7,16.4,0.469,2.9,7.9,0.373,4.8,8.5,0.559,0.559,3.6,4.8,0.752,1,4.1,5.2,4.5,1.5,0.4,2.9,2.1,21.9,,4296615
GSW,Quinten Post,24,PF,42,14,16.3,2.9,6.5,0.449,1.7,4.3,0.408,1.2,2.3,0.526,0.582,0.5,0.6,0.778,0.8,2.7,3.5,1.3,0.4,0.4,0.8,2,8.1,,438920
POR,Rayan Rupert,20,SG,52,0,8.8,1.1,2.7,0.408,0.3,1.1,0.271,0.8,1.6,0.506,0.465,0.4,0.6,0.767,0.5,0.8,1.3,0.5,0.3,0.1,0.6,0.7,3,,1891857
HOU,Reed Sheppard,20,PG,52,3,12.6,1.6,4.6,0.351,0.9,2.7,0.338,0.7,1.9,0.371,0.452,0.3,0.3,0.813,0.3,1.2,1.5,1.4,0.7,0.3,0.7,1,4.4,,10098960
PHI,Reggie Jackson,34,PG,31,1,12.4,1.7,4.3,0.391,0.8,2.4,0.338,0.9,1.9,0.458,0.485,0.2,0.3,0.778,0.3,1.1,1.4,1.5,0.5,0.1,0.5,1.1,4.4,,2087519
WAS,Richaun Holmes,31,PF,31,7,17.2,2.9,4.5,0.647,0,0.1,0,2.9,4.4,0.662,0.647,1.6,1.9,0.833,2,3.7,5.7,1.4,0.3,0.7,0.7,1.6,7.4,,12648321
PHI,Ricky Council IV,23,SF,73,12,17.1,2.4,6.3,0.382,0.8,2.9,0.258,1.7,3.4,0.488,0.442,1.7,2.1,0.804,0.7,2.2,2.9,1.3,0.4,0.2,0.7,0.9,7.3,,1891857
TOR,RJ Barrett,24,SF,58,58,32.2,7.9,16.9,0.468,1.8,5.3,0.35,6.1,11.7,0.522,0.523,3.4,5.4,0.63,1.1,5.3,6.3,5.4,0.8,0.3,2.8,2.4,21.1,,25794643
MIN,Rob Dillingham,20,PG,49,1,10.5,1.9,4.3,0.441,0.5,1.5,0.338,1.4,2.8,0.496,0.5,0.2,0.3,0.533,0.2,0.8,1,2,0.4,0,1.1,0.8,4.5,,6262920
POR,Robert Williams,27,C,20,3,17.6,2.5,3.9,0.641,0.1,0.2,0.333,2.5,3.8,0.653,0.647,0.8,0.9,0.882,1.8,4.2,5.9,1.1,0.7,1.7,0.9,1.6,5.8,,12428571
DET,Ron Holland,19,SF,81,2,15.6,2.4,5.1,0.474,0.4,1.9,0.238,2,3.3,0.608,0.517,1.1,1.5,0.754,0.5,2.2,2.7,1,0.6,0.2,0.9,1.7,6.4,,8245320
PHO,Royce O'Neale,31,SF,75,22,24.5,3.2,7.6,0.423,2.4,5.9,0.406,0.8,1.7,0.481,0.58,0.3,0.3,0.731,0.7,3.9,4.7,2.2,0.9,0.5,0.9,2,9.1,,9821429
MIN,Rudy Gobert,32,C,72,72,33.2,4.7,7.1,0.669,0,0,,4.7,7.1,0.669,0.669,2.6,3.8,0.674,3.7,7.2,10.9,1.8,0.8,1.4,1.2,2.5,12,"DPOY-13,DEF2",43827587
LAL,Rui Hachimura,26,PF,59,57,31.7,5,9.8,0.509,1.7,4.2,0.413,3.2,5.6,0.581,0.597,1.5,1.9,0.77,1.3,3.7,5,1.4,0.8,0.4,0.8,1.8,13.1,,17000000
DEN,Russell Westbrook,36,PG,75,36,27.9,5,11.1,0.449,1.3,3.9,0.323,3.7,7.2,0.517,0.505,2.1,3.1,0.661,1.4,3.6,4.9,6.1,1.4,0.5,3.2,2.5,13.3,6MOY-7,3303771
PHO,Ryan Dunn,22,SF,74,44,19.1,2.8,6.4,0.43,1.1,3.6,0.311,1.7,2.9,0.577,0.516,0.3,0.5,0.487,1.2,2.4,3.6,0.8,0.6,0.5,0.5,2.2,6.9,,2538240
MIL,Ryan Rollins,22,PG,56,19,14.6,2.4,4.8,0.487,0.9,2.1,0.408,1.5,2.7,0.55,0.577,0.6,0.8,0.8,0.4,1.6,1.9,1.9,0.8,0.3,0.9,1.6,6.2,,491887
BOS,Sam Hauser,27,PF,71,19,21.7,3,6.7,0.451,2.3,5.6,0.416,0.7,1.1,0.64,0.627,0.2,0.2,1,0.6,2.5,3.2,0.9,0.6,0.2,0.3,1.2,8.5,,2092344
CLE,Sam Merrill,28,SG,71,4,19.7,2.4,6,0.406,1.9,5.2,0.372,0.5,0.8,0.625,0.567,0.4,0.4,0.966,0.5,1.7,2.2,1.5,0.7,0.2,0.5,1.7,7.2,,2164993
SAS,Sandro Mamukelashvili,25,PF,61,0,11.2,2.3,4.6,0.502,1,2.6,0.373,1.3,2,0.675,0.609,0.7,1,0.741,1,2,3.1,0.8,0.4,0.3,0.4,1,6.3,,2087519
MEM,Santi Aldama,24,PF,65,16,25.5,4.8,10,0.483,1.8,5,0.368,3,5,0.599,0.576,1,1.4,0.691,1.4,5,6.4,2.9,0.8,0.4,1.1,1.2,12.5,,3960531
POR,Scoot Henderson,20,PG,66,10,26.7,4.3,10.4,0.419,1.6,4.5,0.354,2.8,5.9,0.469,0.496,2.4,3.1,0.767,0.8,2.2,3,5.1,1,0.2,2.7,2.7,12.7,,10259160
TOR,Scottie Barnes,23,PF,65,65,32.8,7.3,16.4,0.446,1.2,4.3,0.271,6.1,12,0.508,0.482,3.5,4.6,0.755,1.7,6,7.7,5.8,1.4,1,2.8,1.7,19.3,,10130980
MEM,Scotty Pippen Jr.,24,PG,79,21,21.3,3.6,7.5,0.48,1.1,2.8,0.397,2.5,4.7,0.528,0.553,1.5,2.2,0.713,0.8,2.5,3.3,4.4,1.3,0.4,1.7,2.6,9.9,,2087519
CHO,Seth Curry,34,SG,68,14,15.6,2.4,5,0.478,1.2,2.7,0.456,1.2,2.4,0.503,0.599,0.5,0.6,0.846,0.4,1.3,1.7,0.9,0.4,0.1,0.5,0.9,6.5,,2087519
POR,Shaedon Sharpe,21,SG,72,52,31.3,6.9,15.3,0.452,2,6.6,0.311,4.9,8.8,0.557,0.519,2.6,3.4,0.785,0.9,3.6,4.5,2.8,0.9,0.2,2.1,1.7,18.5,,6614160
OKC,Shai Gilgeous-Alexander,26,PG,76,76,34.2,11.3,21.8,0.519,2.1,5.7,0.375,9.2,16.1,0.571,0.569,7.9,8.8,0.898,0.9,4.1,5,6.4,1.7,1,2.4,2.2,32.7,"MVP-1,DPOY-10,CPOY-8,AS,NBA1",35859950
2TM,Shake Milton,28,SG,57,2,14.7,2,4.5,0.453,0.7,1.9,0.358,1.4,2.6,0.52,0.528,0.8,1,0.797,0.5,1.3,1.8,1.8,0.4,0.1,0.7,1.2,5.5,,2875000
BRK,Shake Milton,28,SG,27,1,18.2,2.7,5.8,0.465,1,2.7,0.389,1.7,3.1,0.529,0.554,0.9,1.2,0.758,0.6,1.3,1.9,2.4,0.6,0,0.7,1.6,7.4,,2875000
LAL,Shake Milton,28,SG,30,1,11.5,1.4,3.2,0.433,0.3,1.1,0.294,1.1,2.1,0.508,0.485,0.7,0.9,0.846,0.5,1.3,1.8,1.3,0.3,0.1,0.7,0.8,3.9,,2875000
2TM,Sidy Cissoko,20,SF,22,0,5.2,0.6,1.4,0.433,0.1,0.6,0.231,0.5,0.8,0.588,0.483,0.1,0.4,0.333,0.4,0.6,1,0.7,0.1,0,0.5,0.5,1.5,,1891857
SAS,Sidy Cissoko,20,SF,17,0,3.2,0.5,1.1,0.5,0.2,0.4,0.429,0.4,0.6,0.545,0.583,0.1,0.4,0.167,0.2,0.4,0.6,0.4,0.1,0,0.1,0.4,1.3,,1891857
POR,Sidy Cissoko,20,SF,5,0,12,0.8,2.4,0.333,0,1.2,0,0.8,1.2,0.667,0.333,0.4,0.6,0.667,1,1.2,2.2,1.8,0.2,0.2,1.8,0.8,2,,1891857
DET,Simone Fontecchio,29,SF,75,0,16.5,2,5,0.402,1,3,0.335,1,1.9,0.507,0.504,0.9,1.1,0.833,0.7,2.2,2.9,0.9,0.4,0.2,0.7,1.3,5.9,,7692308
DAL,Spencer Dinwiddie,31,PG,79,30,27,3.6,8.6,0.416,1.4,4.1,0.334,2.2,4.5,0.492,0.496,2.5,3.1,0.802,0.2,2.4,2.6,4.4,0.9,0.2,1.3,1.5,11,,2087519
MIL,Stanley Umude,25,SG,22,0,3.9,0.2,1.2,0.192,0.1,0.7,0.2,0.1,0.5,0.182,0.25,0.1,0.2,0.5,0.2,0.6,0.8,0.2,0.1,0.3,0.1,0.4,0.7,,2120693
GSW,Stephen Curry,36,PG,70,70,32.2,8.1,18,0.448,4.4,11.2,0.397,3.6,6.8,0.534,0.572,4,4.3,0.933,0.6,3.9,4.4,6,1.1,0.4,2.9,1.4,24.5,"MVP-9,CPOY-5,AS,NBA2",55761216
SAS,Stephon Castle,20,SG,81,47,26.7,5.2,12.2,0.428,1.2,4.1,0.285,4,8.1,0.501,0.476,3.1,4.2,0.724,1.1,2.6,3.7,4.1,0.9,0.3,2.2,2,14.7,ROY-1,9131760
HOU,Steven Adams,31,C,58,3,13.7,1.6,2.9,0.545,0,0,0,1.6,2.8,0.552,0.545,0.7,1.6,0.462,2.9,2.8,5.6,1.1,0.4,0.5,0.9,1,3.9,,12600000
UTA,Svi Mykhailiuk,27,SF,38,13,20,3.1,7.9,0.391,1.8,5.3,0.345,1.3,2.6,0.485,0.507,0.7,0.9,0.8,0.6,1.8,2.4,2,0.5,0.2,1.4,1.1,8.8,,3500000
IND,T.J. McConnell,32,PG,79,1,17.9,4.1,7.9,0.519,0.2,0.6,0.306,3.9,7.3,0.537,0.531,0.7,1,0.74,0.6,1.9,2.4,4.4,1.1,0.3,1.4,1,9.1,,9300000
CHO,Taj Gibson,39,C,37,11,11.1,1.3,2.6,0.495,0,0.1,0.5,1.2,2.5,0.495,0.5,0.3,0.5,0.6,1.4,1.9,3.2,0.6,0.2,0.5,0.7,1.5,2.9,,2087519
CHI,Talen Horton-Tucker,24,SG,58,0,12.5,2.3,5,0.457,0.7,2.1,0.336,1.6,2.9,0.544,0.527,1.2,1.7,0.735,0.3,1.4,1.7,1.4,0.4,0.2,0.7,1,6.5,,2087519
HOU,Tari Eason,23,PF,57,16,24.9,4.8,9.8,0.487,1.1,3.2,0.342,3.7,6.6,0.557,0.543,1.4,1.8,0.76,2.2,4.1,6.4,1.5,1.7,0.9,1.1,2.4,12,,3695160
MIL,Taurean Prince,30,SF,80,73,27.1,2.9,6.4,0.457,1.8,4.2,0.439,1.1,2.2,0.492,0.6,0.5,0.6,0.813,0.4,3.2,3.6,1.9,1,0.2,1,2.1,8.2,,2087519
UTA,Taylor Hendricks,21,PF,3,3,25,1.3,6,0.222,1,4,0.25,0.3,2,0.167,0.306,1,1.3,0.75,1.7,3.3,5,0.7,1.7,1.3,0.7,2.7,4.7,,5848680
2TM,Terance Mann,28,SG,67,13,21.1,3.1,6.2,0.496,0.9,2.4,0.368,2.2,3.7,0.58,0.569,0.7,1,0.691,1,2,3,1.8,0.7,0.2,0.7,1.9,7.7,,11423077
LAC,Terance Mann,28,SG,37,12,19.8,2.4,5.3,0.446,0.7,2,0.347,1.6,3.2,0.508,0.513,0.6,0.9,0.719,0.9,2,2.9,1.6,0.8,0.3,0.7,1.8,6,,11423077
ATL,Terance Mann,28,SG,30,1,22.7,3.9,7.3,0.541,1.1,2.9,0.386,2.8,4.3,0.646,0.619,0.8,1.2,0.667,1.2,1.9,3.1,2.1,0.6,0.1,0.7,2,9.8,,11423077
MIN,Terrence Shannon Jr.,24,SG,32,1,10.6,1.7,3.6,0.482,0.3,1,0.355,1.4,2.6,0.53,0.531,0.5,0.7,0.81,0.3,1.2,1.5,1,0.2,0.2,0.5,0.8,4.3,,2546640
MIA,Terry Rozier,30,PG,64,23,25.9,3.9,9.9,0.391,1.4,4.8,0.295,2.5,5.1,0.48,0.462,1.4,1.7,0.852,0.7,3,3.7,2.6,0.6,0.2,1.2,1.1,10.6,,24924126
2TM,Thomas Bryant,27,C,66,8,14.6,2.5,4.9,0.508,0.7,2.2,0.324,1.7,2.6,0.665,0.583,0.8,1,0.859,1.3,2.5,3.8,0.8,0.4,0.6,0.5,1.2,6.5,,2087519
MIA,Thomas Bryant,27,C,10,0,11.5,1.2,2.8,0.429,0.6,1.7,0.353,0.6,1.1,0.545,0.536,1.1,1.1,1,0.6,2.6,3.2,0.4,0.1,0.9,0.2,0.9,4.1,,2087519
IND,Thomas Bryant,27,C,56,8,15.1,2.7,5.2,0.515,0.8,2.3,0.321,1.9,2.9,0.673,0.587,0.8,0.9,0.83,1.4,2.5,3.9,0.9,0.5,0.6,0.5,1.2,6.9,,2087519
CHO,Tidjane Salaün,19,PF,60,10,20.7,1.9,5.8,0.33,1,3.4,0.283,0.9,2.3,0.4,0.414,1.1,1.6,0.713,1.2,3.5,4.7,1.2,0.5,0.2,1,1.4,5.9,,7488720
DET,Tim Hardaway Jr.,32,SG,77,77,28,3.6,8.8,0.406,2.2,5.9,0.368,1.4,2.9,0.484,0.529,1.6,1.9,0.855,0.2,2.1,2.4,1.6,0.5,0.1,0.6,1.2,11,,16193183
DET,Tobias Harris,32,PF,73,73,31.6,5.3,11,0.477,1.2,3.6,0.345,4,7.4,0.542,0.534,2,2.3,0.861,0.9,5,5.9,2.2,1,0.8,1.2,1.9,13.7,,25365854
IND,Tony Bradley,27,C,14,0,8.1,2.1,3.2,0.644,0.1,0.2,0.333,2,3,0.667,0.656,0.1,0.4,0.333,1.3,1.7,3,0.4,0.1,0.6,0.4,0.8,4.4,,330394
2TM,Torrey Craig,34,SF,26,4,12.1,1.5,3.5,0.422,0.9,2.5,0.364,0.5,0.9,0.583,0.556,0.3,0.5,0.667,1,1.8,2.8,0.7,0.3,0.5,0.3,1.3,4.2,,2845342
CHI,Torrey Craig,34,SF,9,1,12.6,2.4,5,0.489,1.7,3.9,0.429,0.8,1.1,0.7,0.656,0.3,0.4,0.75,0.9,1.9,2.8,0.6,0.2,0.1,0,1.7,6.9,,2845342
BOS,Torrey Craig,34,SF,17,3,11.8,0.9,2.6,0.356,0.5,1.8,0.29,0.4,0.8,0.5,0.456,0.3,0.5,0.625,1.1,1.7,2.8,0.7,0.4,0.6,0.5,1.1,2.7,,2845342
POR,Toumani Camara,24,PF,78,78,32.7,4.2,9.2,0.458,1.7,4.6,0.375,2.5,4.6,0.542,0.552,1.2,1.6,0.722,2.2,3.6,5.8,2.2,1.5,0.6,1.4,2.9,11.3,"DPOY-9,DEF2",1891857
ATL,Trae Young,26,PG,76,76,36,7.4,18.1,0.411,2.9,8.4,0.34,4.6,9.7,0.474,0.491,6.5,7.4,0.875,0.5,2.6,3.1,11.6,1.2,0.2,4.7,1.9,24.2,"CPOY-4,AS",43031940
GSW,Trayce Jackson-Davis,24,C,62,37,15.6,2.8,4.9,0.576,0,0,0,2.8,4.8,0.582,0.576,1,1.6,0.578,2,3,5,1.7,0.4,0.6,0.7,1.2,6.6,,1891857
2TM,Tre Jones,25,PG,46,9,19.7,2.8,5.2,0.538,0.4,1,0.396,2.4,4.1,0.574,0.578,1.2,1.5,0.821,0.7,1.8,2.5,4.2,0.8,0.2,0.8,1.2,7.2,,9104167
SAS,Tre Jones,25,PG,28,0,16.1,1.6,3.3,0.484,0.3,0.9,0.308,1.3,2.4,0.552,0.527,0.9,1.2,0.758,0.5,1.5,2.1,3.7,0.6,0.2,0.8,1.2,4.4,,9104167
CHI,Tre Jones,25,PG,18,9,25.3,4.6,8.1,0.572,0.6,1.2,0.5,4,6.8,0.585,0.61,1.7,1.9,0.882,0.9,2.3,3.2,4.9,1.1,0.3,0.8,1.2,11.5,,9104167
CHO,Tre Mann,23,PG,13,0,24.5,5.4,12.4,0.435,1.8,4.6,0.4,3.5,7.8,0.455,0.509,1.5,1.6,0.905,0.9,2,2.9,3,0.5,0.3,1.9,1.8,14.1,,4908189
BRK,Trendon Watford,24,PF,44,6,20.8,3.7,8,0.469,0.7,2,0.33,3.1,6,0.515,0.51,2.1,2.8,0.762,0.8,2.8,3.6,2.6,0.6,0.3,1.9,2.2,10.2,,2726603
SAC,Trey Lyles,29,PF,69,5,19.6,2.3,5.4,0.42,1.2,3.4,0.34,1.1,2,0.559,0.528,0.8,1.2,0.7,1.2,3.4,4.6,1.2,0.6,0.3,0.6,1.2,6.5,,8000000
NOP,Trey Murphy III,24,SF,53,51,35,7.2,15.8,0.454,3,8.3,0.361,4.2,7.6,0.556,0.548,3.8,4.3,0.887,0.9,4.2,5.1,3.5,1.1,0.7,1.9,2.1,21.2,,5159855
ORL,Tristan Da Silva,23,SF,74,38,22,2.7,6.5,0.412,1.1,3.2,0.335,1.6,3.3,0.488,0.495,0.7,0.9,0.873,1,2.3,3.3,1.5,0.4,0.2,0.8,1.3,7.2,,3628440
CLE,Tristan Thompson,33,C,40,0,8.2,0.8,1.8,0.437,0,0.1,0,0.8,1.7,0.456,0.437,0.2,0.8,0.233,0.8,2.6,3.4,0.6,0.1,0.3,0.4,0.9,1.7,,2087519
WAS,Tristan Vukcevic,21,C,35,1,14.7,3.4,6.9,0.496,1.1,2.9,0.373,2.3,4,0.586,0.574,1.5,1.9,0.776,0.7,3,3.7,1.1,0.3,0.7,1.2,1.6,9.4,,2424892
CLE,Ty Jerome,27,SG,70,3,19.9,4.6,8.8,0.516,1.6,3.6,0.439,3,5.2,0.57,0.606,1.8,2.1,0.872,0.7,1.8,2.5,3.4,1.1,0,1.3,1.5,12.5,6MOY-3,2560975
MIA,Tyler Herro,25,SG,77,77,35.4,8.5,17.9,0.472,3.3,8.7,0.375,5.2,9.2,0.565,0.563,3.7,4.2,0.878,0.5,4.7,5.2,5.5,0.9,0.2,2.6,1.1,23.9,AS,29000000
NYK,Tyler Kolek,23,PG,41,0,7.2,0.7,2,0.329,0.3,1.1,0.298,0.3,0.9,0.371,0.415,0.3,0.4,0.765,0.2,0.5,0.7,1.7,0.3,0.1,0.4,0.6,2,,2087519
MIL,Tyler Smith,20,PF,23,0,5.3,1,2.2,0.48,0.6,1.3,0.433,0.5,0.9,0.55,0.61,0.3,0.3,0.75,0.3,0.8,1.1,0.2,0.1,0.2,0.3,0.5,2.9,,1157153
IND,Tyrese Haliburton,24,PG,73,73,33.6,6.5,13.8,0.473,3,7.7,0.388,3.5,6.1,0.581,0.582,2.6,3,0.851,0.6,3,3.5,9.2,1.4,0.7,1.6,1.3,18.6,NBA3,42176000
BRK,Tyrese Martin,25,SG,60,11,21.9,3.2,7.8,0.406,1.7,4.7,0.351,1.5,3.1,0.492,0.513,0.8,1,0.793,1,2.7,3.7,2,0.6,0.2,1.2,1.3,8.7,,635853
PHI,Tyrese Maxey,24,PG,52,52,37.7,9.2,21,0.437,3.1,9.2,0.337,6.1,11.8,0.515,0.511,4.9,5.6,0.879,0.3,3.1,3.3,6.1,1.8,0.4,2.4,2.2,26.3,CPOY-10,35147000
PHO,Tyus Jones,28,PG,81,58,26.8,3.8,8.4,0.448,2,5,0.414,1.7,3.5,0.496,0.57,0.6,0.7,0.895,0.5,1.9,2.4,5.3,0.9,0.1,1.1,0.8,10.2,,2087519
2TM,Vasilije Micić,31,PG,41,16,19.1,2.3,6.7,0.348,1.1,3,0.36,1.2,3.6,0.338,0.43,0.8,1,0.829,0.5,1.7,2.2,3.1,0.4,0,1.9,1.1,6.6,,7723000
CHO,Vasilije Micić,31,PG,36,16,21.2,2.6,7.6,0.348,1.3,3.5,0.36,1.4,4.1,0.338,0.43,0.9,1.1,0.829,0.6,1.9,2.4,3.5,0.4,0,2.1,1.2,7.5,,7723000
PHO,Vasilije Micić,31,PG,5,0,4.2,0,0,,0,0,,0,0,,,0,0,,0,0.4,0.4,0.2,0,0,0.6,0.2,0,,7723000
SAS,Victor Wembanyama,21,C,46,46,33.2,8.9,18.6,0.476,3.1,8.8,0.352,5.8,9.9,0.586,0.559,3.4,4.1,0.836,1.8,9.2,11,3.7,1.1,3.8,3.2,2.3,24.3,AS,12768960
MEM,Vince Williams Jr.,24,SG,27,5,18.5,2.5,6.2,0.401,1,3.5,0.274,1.5,2.7,0.569,0.479,0.7,0.9,0.792,0.8,2.8,3.6,2,0.4,0.3,1.2,1.7,6.6,,2120693
ATL,Vít Krejčí,24,PG,57,16,20.2,2.5,5.1,0.497,1.6,3.6,0.437,1,1.5,0.64,0.651,0.6,0.8,0.711,0.4,2.4,2.7,2.6,0.6,0.5,0.9,1.8,7.2,,2162606
DEN,Vlatko Čančar,27,PF,13,0,10.5,0.8,2,0.385,0.3,1.2,0.267,0.5,0.8,0.545,0.462,0,0,,0.5,2,2.5,0.7,0.2,0.2,0.8,0.8,1.8,,2087519
UTA,Walker Kessler,23,C,58,58,30,4.8,7.2,0.663,0.1,0.6,0.176,4.7,6.6,0.706,0.671,1.4,2.6,0.52,4.6,7.6,12.2,1.7,0.6,2.4,1.5,2.2,11.1,,2965920
ORL,Wendell Carter Jr.,25,C,68,51,25.9,3.3,7.2,0.46,0.5,2.3,0.234,2.8,4.9,0.568,0.498,1.9,2.6,0.737,2.2,5,7.2,2,0.8,0.6,1.1,2.9,9.1,,11950000
2TM,Wendell Moore Jr.,23,SG,36,1,13.9,1.6,3.5,0.468,0.4,1.1,0.341,1.3,2.4,0.529,0.524,0.5,0.6,0.818,0.8,1.8,2.6,1.2,0.6,0.1,0.8,0.9,4.2,,2537040
DET,Wendell Moore Jr.,23,SG,20,1,11,1.2,2.5,0.46,0.2,0.7,0.286,1,1.8,0.528,0.5,0.7,0.7,0.929,0.6,1.7,2.2,1.2,0.5,0.2,0.5,0.8,3.2,,2537040
CHO,Wendell Moore Jr.,23,SG,16,0,17.5,2.3,4.8,0.474,0.6,1.7,0.37,1.6,3.1,0.531,0.539,0.3,0.5,0.625,1.2,2,3.2,1.2,0.6,0.1,1.1,1,5.4,,2537040
BOS,Xavier Tillman Sr.,26,C,33,2,7,0.4,1.6,0.245,0.2,1,0.156,0.2,0.6,0.381,0.292,0.1,0.1,0.75,0.3,1,1.3,0.2,0.3,0.2,0.4,0.5,1,,2237691
NOP,Yves Missi,20,C,73,67,26.8,3.7,6.7,0.547,0,0,0,3.7,6.7,0.548,0.547,1.7,2.8,0.623,3.5,4.7,8.2,1.4,0.5,1.3,1.1,2,9.1,,3202560
ATL,Zaccharie Risacher,19,SF,75,73,24.6,4.8,10.4,0.458,1.6,4.6,0.355,3.1,5.8,0.54,0.537,1.4,2,0.711,1.1,2.4,3.6,1.2,0.7,0.5,1.2,2,12.6,ROY-2,12569040
2TM,Zach Collins,27,PF,64,12,15.3,2.4,4.7,0.507,0.5,1.7,0.302,1.9,3.1,0.617,0.56,1.1,1.2,0.885,1.6,2.9,4.5,1.7,0.5,0.5,0.9,2.1,6.4,,16741200
SAS,Zach Collins,27,C,36,4,11.8,1.7,3.7,0.462,0.4,1.3,0.304,1.3,2.4,0.547,0.515,0.9,1,0.886,1.1,1.8,2.8,1.4,0.4,0.4,0.6,1.9,4.6,,16741200
CHI,Zach Collins,27,PF,28,8,19.7,3.3,6.1,0.541,0.6,2.1,0.3,2.6,3.9,0.673,0.594,1.4,1.5,0.884,2.3,4.4,6.7,2.1,0.5,0.5,1.3,2.2,8.6,,16741200
MEM,Zach Edey,22,C,66,55,21.5,3.8,6.6,0.58,0.3,0.8,0.346,3.5,5.8,0.612,0.6,1.4,1.9,0.709,3.5,4.8,8.3,1,0.5,1.3,1.3,2.8,9.2,ROY-5,5756880
2TM,Zach LaVine,29,SG,74,74,35.2,8.4,16.5,0.511,3.2,7.2,0.446,5.2,9.3,0.562,0.609,3.2,3.9,0.825,0.3,4,4.3,4.2,0.8,0.2,2.8,1.6,23.3,,44531940
CHI,Zach LaVine,29,SF,42,42,34.1,8.6,16.9,0.511,3.2,7.3,0.446,5.4,9.6,0.56,0.607,3.5,4.3,0.797,0.3,4.5,4.8,4.5,0.9,0.2,2.9,1.5,24,,44531940
SAC,Zach LaVine,29,SG,32,32,36.6,8.2,16,0.511,3.2,7.2,0.446,5,8.8,0.564,0.611,2.8,3.2,0.874,0.3,3.2,3.5,3.8,0.6,0.1,2.7,1.8,22.4,,44531940
DEN,Zeke Nnaji,24,PF,57,4,10.7,1.2,2.5,0.496,0.3,0.9,0.327,0.9,1.6,0.596,0.557,0.5,0.8,0.614,0.6,1,1.6,0.4,0.4,0.7,0.2,1.1,3.2,,8888889
BRK,Ziaire Williams,23,SF,63,45,24.5,3.4,8.3,0.412,1.6,4.8,0.341,1.8,3.5,0.509,0.511,1.6,2,0.821,1,3.6,4.6,1.3,1,0.4,1.1,2.4,10,,6133005
NOP,Zion Williamson,24,PF,30,30,28.6,9.6,16.9,0.567,0.1,0.4,0.231,9.5,16.5,0.576,0.57,5.3,8,0.656,2.5,4.7,7.2,5.3,1.2,0.9,3,2.7,24.6,,36725670