pos,best,average,value1,value2,value3,value4,value5,competitionId,eventId,roundTypeId,personName,personId,formatId,regionalSingleRecord,regionalAverageRecord,personCountryId
2,538,637,618,619,674,724,538,TianjinSummerSolstice2021,333,1,Yiheng Wang (王艺衡),2019WANY36,a,NULL,NULL,China
3,603,748,762,805,677,603,807,TianjinSummerSolstice2021,333,2,Yiheng Wang (王艺衡),2019WANY36,a,NULL,NULL,China
2,573,681,640,573,778,696,708,TianjinSummerSolstice2021,333,f,Yiheng Wang (王艺衡),2019WANY36,a,NULL,NULL,China
1,395,544,520,535,667,395,578,SingaporeChampionship2023,333,1,Yiheng Wang (王艺衡),2019WANY36,a,NULL,NULL,China
1,470,491,478,470,553,519,475,SingaporeChampionship2023,333,2,Yiheng Wang (王艺衡),2019WANY36,a,NULL,AsR,China
2,520,568,586,555,769,520,563,SingaporeChampionship2023,333,3,Yiheng Wang (王艺衡),2019WANY36,a,NULL,NULL,China
1,507,534,612,507,510,577,514,SingaporeChampionship2023,333,f,Yiheng Wang (王艺衡),2019WANY36,a,NULL,NULL,China
1,432,523,432,621,449,499,751,HanoiSuperBrainZyo2023,333,1,Yiheng Wang (王艺衡),2019WANY36,a,NULL,NULL,China
1,477,546,496,477,597,545,749,HanoiSuperBrainZyo2023,333,2,Yiheng Wang (王艺衡),2019WANY36,a,NULL,NULL,China
1,427,537,427,499,582,534,578,HanoiSuperBrainZyo2023,333,f,Yiheng Wang (王艺衡),2019WANY36,a,NULL,NULL,China
1,551,581,613,560,551,634,569,YJKL2023,333,1,Yiheng Wang (王艺衡),2019WANY36,a,NULL,NULL,China
1,454,581,610,572,561,454,-1,YJKL2023,333,2,Yiheng Wang (王艺衡),2019WANY36,a,NULL,NULL,China
1,390,469,435,390,441,531,616,YJKL2023,333,3,Yiheng Wang (王艺衡),2019WANY36,a,NULL,WR,China
1,529,597,529,542,626,808,623,YJKL2023,333,f,Yiheng Wang (王艺衡),2019WANY36,a,NULL,NULL,China
1,476,511,476,523,636,532,478,UoSMCubeDay2023,333,1,Yiheng Wang (王艺衡),2019WANY36,a,NULL,NULL,China
1,486,520,503,517,584,541,486,UoSMCubeDay2023,333,2,Yiheng Wang (王艺衡),2019WANY36,a,NULL,NULL,China
1,446,511,487,628,446,597,448,UoSMCubeDay2023,333,f,Yiheng Wang (王艺衡),2019WANY36,a,NULL,NULL,China
1,489,520,489,524,520,549,517,MedanSpeedcubingFestival2023,333,1,Yiheng Wang (王艺衡),2019WANY36,a,NULL,NULL,China
1,444,538,705,526,444,514,574,MedanSpeedcubingFestival2023,333,2,Yiheng Wang (王艺衡),2019WANY36,a,NULL,NULL,China
1,473,525,473,683,497,530,549,MedanSpeedcubingFestival2023,333,f,Yiheng Wang (王艺衡),2019WANY36,a,NULL,NULL,China
1,510,548,539,510,563,541,592,HongKongSmallCubeDay2023,333,1,Yiheng Wang (王艺衡),2019WANY36,a,NULL,NULL,China
1,390,509,536,529,625,463,390,HongKongSmallCubeDay2023,333,2,Yiheng Wang (王艺衡),2019WANY36,a,NULL,NULL,China
2,486,595,486,954,599,576,610,HongKongSmallCubeDay2023,333,3,Yiheng Wang (王艺衡),2019WANY36,a,NULL,NULL,China
2,533,580,533,658,547,763,535,HongKongSmallCubeDay2023,333,f,Yiheng Wang (王艺衡),2019WANY36,a,NULL,NULL,China
1,493,524,553,511,597,509,493,STEMCubeOpenPenang2023,333,1,Yiheng Wang (王艺衡),2019WANY36,a,NULL,NULL,China
1,430,553,430,656,461,701,543,STEMCubeOpenPenang2023,333,2,Yiheng Wang (王艺衡),2019WANY36,a,NULL,NULL,China
1,451,517,457,668,477,451,617,STEMCubeOpenPenang2023,333,f,Yiheng Wang (王艺衡),2019WANY36,a,NULL,NULL,China
1,545,607,583,574,665,545,683,SelangorAceCube2023,333,1,Yiheng Wang (王艺衡),2019WANY36,a,NULL,NULL,China
1,435,546,586,435,527,525,596,SelangorAceCube2023,333,2,Yiheng Wang (王艺衡),2019WANY36,a,NULL,NULL,China
1,470,548,601,504,605,470,538,SelangorAceCube2023,333,f,Yiheng Wang (王艺衡),2019WANY36,a,NULL,NULL,China
1,426,519,525,509,426,580,524,MofunlandCruiseOpen2023,333,1,Yiheng Wang (王艺衡),2019WANY36,a,NULL,NULL,China
1,502,559,502,603,546,729,528,MofunlandCruiseOpen2023,333,2,Yiheng Wang (王艺衡),2019WANY36,a,NULL,NULL,China
1,395,448,472,472,399,395,599,MofunlandCruiseOpen2023,333,f,Yiheng Wang (王艺衡),2019WANY36,a,NULL,WR,China
1,500,569,617,556,500,644,533,NTUSpeedcubing2023,333,d,Yiheng Wang (王艺衡),2019WANY36,a,NULL,NULL,China
1,438,595,737,564,438,652,570,NTUSpeedcubing2023,333,2,Yiheng Wang (王艺衡),2019WANY36,a,NULL,NULL,China
1,423,559,596,536,423,667,544,NTUSpeedcubing2023,333,f,Yiheng Wang (王艺衡),2019WANY36,a,NULL,NULL,China
1,466,501,572,466,492,467,543,HanoiSummer2023,333,1,Yiheng Wang (王艺衡),2019WANY36,a,NULL,NULL,China
1,459,484,459,504,463,567,486,HanoiSummer2023,333,2,Yiheng Wang (王艺衡),2019WANY36,a,NULL,NULL,China
1,408,498,475,507,513,528,408,HanoiSummer2023,333,f,Yiheng Wang (王艺衡),2019WANY36,a,NULL,NULL,China
1,464,513,510,509,521,464,736,WC2023,333,1,Yiheng Wang (王艺衡),2019WANY36,a,NULL,NULL,China
3,514,554,834,533,514,603,525,WC2023,333,2,Yiheng Wang (王艺衡),2019WANY36,a,NULL,NULL,China
1,439,484,490,463,605,439,500,WC2023,333,3,Yiheng Wang (王艺衡),2019WANY36,a,NULL,NULL,China
2,461,532,610,472,461,515,647,WC2023,333,f,Yiheng Wang (王艺衡),2019WANY36,a,NULL,NULL,China
1,428,550,584,491,574,428,687,StulangCubeParty2023,333,1,Yiheng Wang (王艺衡),2019WANY36,a,NULL,NULL,China
1,508,521,666,519,508,511,533,StulangCubeParty2023,333,2,Yiheng Wang (王艺衡),2019WANY36,a,NULL,NULL,China
1,389,502,507,502,857,389,496,StulangCubeParty2023,333,f,Yiheng Wang (王艺衡),2019WANY36,a,NULL,NULL,China
1,452,505,566,642,452,488,460,SingaporeMini2023,333,d,Yiheng Wang (王艺衡),2019WANY36,a,NULL,NULL,China
1,440,502,476,452,632,578,440,SingaporeMini2023,333,2,Yiheng Wang (王艺衡),2019WANY36,a,NULL,NULL,China
1,487,539,633,487,558,540,518,SingaporeMini2023,333,3,Yiheng Wang (王艺衡),2019WANY36,a,NULL,NULL,China
1,460,481,465,460,514,803,464,SingaporeMini2023,333,f,Yiheng Wang (王艺衡),2019WANY36,a,NULL,NULL,China
1,470,546,580,561,496,846,470,XMUMCubeOpen2023,333,1,Yiheng Wang (王艺衡),2019WANY36,a,NULL,NULL,China
1,483,622,540,483,950,754,571,XMUMCubeOpen2023,333,2,Yiheng Wang (王艺衡),2019WANY36,a,NULL,NULL,China
1,386,497,386,437,499,573,554,XMUMCubeOpen2023,333,f,Yiheng Wang (王艺衡),2019WANY36,a,NULL,NULL,China
1,417,557,417,539,570,561,594,IUKLSOR2023,333,1,Yiheng Wang (王艺衡),2019WANY36,a,NULL,NULL,China
1,383,451,475,383,402,508,477,IUKLSOR2023,333,2,Yiheng Wang (王艺衡),2019WANY36,a,NULL,NULL,China
1,457,504,481,550,618,480,457,IUKLSOR2023,333,f,Yiheng Wang (王艺衡),2019WANY36,a,NULL,NULL,China
1,454,491,484,454,514,490,498,ChengduFlashCubeOpen2023,333,1,Yiheng Wang (王艺衡),2019WANY36,a,NULL,NULL,China
1,428,527,428,582,495,564,521,ChengduFlashCubeOpen2023,333,2,Yiheng Wang (王艺衡),2019WANY36,a,NULL,NULL,China
1,450,460,456,455,489,450,468,ChengduFlashCubeOpen2023,333,f,Yiheng Wang (王艺衡),2019WANY36,a,NULL,NULL,China
1,453,541,541,562,621,521,453,ThailandChampionship2023,333,1,Yiheng Wang (王艺衡),2019WANY36,a,NULL,NULL,China
1,423,492,539,-1,502,434,423,ThailandChampionship2023,333,2,Yiheng Wang (王艺衡),2019WANY36,a,NULL,NULL,China
1,458,585,468,636,650,664,458,ThailandChampionship2023,333,f,Yiheng Wang (王艺衡),2019WANY36,a,NULL,NULL,China
1,476,531,621,521,549,522,476,BeaconhouseMalaysiaCubeOpen2023,333,1,Yiheng Wang (王艺衡),2019WANY36,a,NULL,NULL,China
1,435,463,554,435,464,461,463,BeaconhouseMalaysiaCubeOpen2023,333,2,Yiheng Wang (王艺衡),2019WANY36,a,NULL,NULL,China
1,407,483,923,472,548,430,407,BeaconhouseMalaysiaCubeOpen2023,333,f,Yiheng Wang (王艺衡),2019WANY36,a,NULL,NULL,China
1,453,489,453,464,473,632,531,ChongqingOpen2023,333,1,Yiheng Wang (王艺衡),2019WANY36,a,NULL,NULL,China
1,427,516,583,530,427,511,508,ChongqingOpen2023,333,2,Yiheng Wang (王艺衡),2019WANY36,a,NULL,NULL,China
1,467,498,500,586,477,516,467,ChongqingOpen2023,333,f,Yiheng Wang (王艺衡),2019WANY36,a,NULL,NULL,China
3,507,537,507,563,540,507,567,HefeiWinterOpen2023,333,1,Yiheng Wang (王艺衡),2019WANY36,a,NULL,NULL,China
2,477,569,728,555,635,518,477,HefeiWinterOpen2023,333,2,Yiheng Wang (王艺衡),2019WANY36,a,NULL,NULL,China
3,449,581,485,594,449,665,852,HefeiWinterOpen2023,333,f,Yiheng Wang (王艺衡),2019WANY36,a,NULL,NULL,China
1,464,556,500,570,777,464,597,MalaysiaCubeChampionship2023,333,1,Yiheng Wang (王艺衡),2019WANY36,a,NULL,NULL,China
1,532,564,569,564,560,612,532,MalaysiaCubeChampionship2023,333,2,Yiheng Wang (王艺衡),2019WANY36,a,NULL,NULL,China
1,417,495,508,443,533,594,417,MalaysiaCubeChampionship2023,333,3,Yiheng Wang (王艺衡),2019WANY36,a,NULL,NULL,China
1,474,539,718,529,611,474,478,MalaysiaCubeChampionship2023,333,f,Yiheng Wang (王艺衡),2019WANY36,a,NULL,NULL,China
1,467,528,493,558,1164,467,532,FushunOpen2024,333,1,Yiheng Wang (王艺衡),2019WANY36,a,NULL,NULL,China
1,442,487,463,698,442,545,453,FushunOpen2024,333,2,Yiheng Wang (王艺衡),2019WANY36,a,NULL,NULL,China
1,407,506,466,499,407,553,590,FushunOpen2024,333,f,Yiheng Wang (王艺衡),2019WANY36,a,NULL,NULL,China
1,493,569,580,550,493,578,578,MYHMSingaporeChampionship2024,333,1,Yiheng Wang (王艺衡),2019WANY36,a,NULL,NULL,China
1,445,514,528,643,495,519,445,MYHMSingaporeChampionship2024,333,2,Yiheng Wang (王艺衡),2019WANY36,a,NULL,NULL,China
1,473,516,473,473,598,-1,476,MYHMSingaporeChampionship2024,333,3,Yiheng Wang (王艺衡),2019WANY36,a,NULL,NULL,China
1,347,460,449,453,479,596,347,MYHMSingaporeChampionship2024,333,f,Yiheng Wang (王艺衡),2019WANY36,a,AsR,NULL,China
1,476,524,502,482,588,476,702,TwistFriesJohorBahru2024,333,1,Yiheng Wang (王艺衡),2019WANY36,a,NULL,NULL,China
1,454,495,454,484,527,475,778,TwistFriesJohorBahru2024,333,2,Yiheng Wang (王艺衡),2019WANY36,a,NULL,NULL,China
1,449,525,575,500,-1,449,500,TwistFriesJohorBahru2024,333,f,Yiheng Wang (王艺衡),2019WANY36,a,NULL,NULL,China
1,456,537,666,531,536,456,545,HangzhouSpring2024,333,1,Yiheng Wang (王艺衡),2019WANY36,a,NULL,NULL,China
1,417,476,417,546,428,454,692,HangzhouSpring2024,333,2,Yiheng Wang (王艺衡),2019WANY36,a,NULL,NULL,China
1,400,527,492,583,400,573,517,HangzhouSpring2024,333,f,Yiheng Wang (王艺衡),2019WANY36,a,NULL,NULL,China
1,442,504,531,442,534,633,448,LuoyangSpring2024,333,1,Yiheng Wang (王艺衡),2019WANY36,a,NULL,NULL,China
2,483,571,606,662,553,483,553,LuoyangSpring2024,333,2,Yiheng Wang (王艺衡),2019WANY36,a,NULL,NULL,China
2,512,594,512,621,784,568,594,LuoyangSpring2024,333,f,Yiheng Wang (王艺衡),2019WANY36,a,NULL,NULL,China
1,413,476,487,616,474,468,413,XuzhouOpen2024,333,1,Yiheng Wang (王艺衡),2019WANY36,a,NULL,NULL,China
4,513,565,537,553,606,513,630,XuzhouOpen2024,333,2,Yiheng Wang (王艺衡),2019WANY36,a,NULL,NULL,China
1,465,537,465,588,473,549,-1,XuzhouOpen2024,333,f,Yiheng Wang (王艺衡),2019WANY36,a,NULL,NULL,China
1,419,520,563,597,522,419,476,ShenyangSpring2024,333,1,Yiheng Wang (王艺衡),2019WANY36,a,NULL,NULL,China
1,409,547,409,492,-1,506,642,ShenyangSpring2024,333,2,Yiheng Wang (王艺衡),2019WANY36,a,NULL,NULL,China
1,431,505,457,431,542,595,516,ShenyangSpring2024,333,f,Yiheng Wang (王艺衡),2019WANY36,a,NULL,NULL,China
1,410,496,410,613,520,448,519,KunshanOpen2024,333,1,Yiheng Wang (王艺衡),2019WANY36,a,NULL,NULL,China
1,385,484,486,496,469,712,385,KunshanOpen2024,333,2,Yiheng Wang (王艺衡),2019WANY36,a,NULL,NULL,China
1,366,491,681,555,494,366,423,KunshanOpen2024,333,f,Yiheng Wang (王艺衡),2019WANY36,a,NULL,NULL,China
1,488,520,492,734,492,488,576,ZiboOpen2024,333,1,Yiheng Wang (王艺衡),2019WANY36,a,NULL,NULL,China
1,418,506,526,469,522,694,418,ZiboOpen2024,333,2,Yiheng Wang (王艺衡),2019WANY36,a,NULL,NULL,China
1,400,491,477,400,512,726,485,ZiboOpen2024,333,f,Yiheng Wang (王艺衡),2019WANY36,a,NULL,NULL,China
1,467,514,596,852,470,467,477,SunwayVelocityMallOpen2024,333,1,Yiheng Wang (王艺衡),2019WANY36,a,NULL,NULL,China
1,463,502,524,463,510,701,473,SunwayVelocityMallOpen2024,333,2,Yiheng Wang (王艺衡),2019WANY36,a,NULL,NULL,China
1,440,516,545,440,457,547,625,SunwayVelocityMallOpen2024,333,3,Yiheng Wang (王艺衡),2019WANY36,a,NULL,NULL,China
1,408,497,489,520,408,483,585,SunwayVelocityMallOpen2024,333,f,Yiheng Wang (王艺衡),2019WANY36,a,NULL,NULL,China
1,441,566,633,501,739,565,441,BaliDiscoveryMasters2024,333,1,Yiheng Wang (王艺衡),2019WANY36,a,NULL,NULL,China
1,431,470,438,478,513,431,494,BaliDiscoveryMasters2024,333,2,Yiheng Wang (王艺衡),2019WANY36,a,NULL,NULL,China
1,419,479,463,489,501,484,419,BaliDiscoveryMasters2024,333,f,Yiheng Wang (王艺衡),2019WANY36,a,NULL,NULL,China
1,456,479,573,486,474,456,478,JohorCubeOpen2024,333,1,Yiheng Wang (王艺衡),2019WANY36,a,NULL,NULL,China
1,400,487,651,439,459,564,400,JohorCubeOpen2024,333,2,Yiheng Wang (王艺衡),2019WANY36,a,NULL,NULL,China
1,420,491,452,420,574,448,662,JohorCubeOpen2024,333,f,Yiheng Wang (王艺衡),2019WANY36,a,NULL,NULL,China
1,397,436,611,397,448,459,402,PhilippineChampionship2024,333,1,Yiheng Wang (王艺衡),2019WANY36,a,NULL,WR,China
1,484,511,516,484,622,522,496,PhilippineChampionship2024,333,2,Yiheng Wang (王艺衡),2019WANY36,a,NULL,NULL,China
1,431,466,431,470,449,480,548,PhilippineChampionship2024,333,3,Yiheng Wang (王艺衡),2019WANY36,a,NULL,NULL,China
1,433,504,461,506,433,596,545,PhilippineChampionship2024,333,f,Yiheng Wang (王艺衡),2019WANY36,a,NULL,NULL,China
1,398,495,506,508,613,472,398,AustralianNationals2024,333,1,Yiheng Wang (王艺衡),2019WANY36,a,NULL,NULL,China
1,376,508,445,592,488,656,376,AustralianNationals2024,333,2,Yiheng Wang (王艺衡),2019WANY36,a,NULL,NULL,China
1,426,506,518,512,426,488,559,AustralianNationals2024,333,3,Yiheng Wang (王艺衡),2019WANY36,a,NULL,NULL,China
1,433,508,540,524,461,433,1028,AustralianNationals2024,333,f,Yiheng Wang (王艺衡),2019WANY36,a,NULL,NULL,China
4,468,570,694,479,695,538,468,XianOpen2024,333,1,Yiheng Wang (王艺衡),2019WANY36,a,NULL,NULL,China
1,398,446,442,398,469,564,427,XianOpen2024,333,2,Yiheng Wang (王艺衡),2019WANY36,a,NULL,NULL,China
1,441,524,612,441,469,492,623,XianOpen2024,333,3,Yiheng Wang (王艺衡),2019WANY36,a,NULL,NULL,China
1,454,488,489,454,598,457,518,XianOpen2024,333,f,Yiheng Wang (王艺衡),2019WANY36,a,NULL,NULL,China
1,396,425,476,398,481,400,396,DeqingSmallCubesSummer2024,333,1,Yiheng Wang (王艺衡),2019WANY36,a,NULL,WR,China
2,546,556,552,572,562,546,553,DeqingSmallCubesSummer2024,333,2,Yiheng Wang (王艺衡),2019WANY36,a,NULL,NULL,China
1,433,473,503,446,433,469,638,DeqingSmallCubesSummer2024,333,f,Yiheng Wang (王艺衡),2019WANY36,a,NULL,NULL,China
1,373,485,570,536,377,543,373,WarmUpatgatewayklia22024,333,1,Yiheng Wang (王艺衡),2019WANY36,a,NULL,NULL,China
1,402,452,466,402,418,550,473,WarmUpatgatewayklia22024,333,2,Yiheng Wang (王艺衡),2019WANY36,a,NULL,NULL,China
1,405,433,435,405,450,446,419,WarmUpatgatewayklia22024,333,3,Yiheng Wang (王艺衡),2019WANY36,a,NULL,NULL,China
1,409,485,463,409,519,791,472,WarmUpatgatewayklia22024,333,f,Yiheng Wang (王艺衡),2019WANY36,a,NULL,NULL,China
1,441,489,569,441,455,487,526,DalianOpen2024,333,1,Yiheng Wang (王艺衡),2019WANY36,a,NULL,NULL,China
2,434,506,502,434,651,544,472,DalianOpen2024,333,2,Yiheng Wang (王艺衡),2019WANY36,a,NULL,NULL,China
1,408,457,478,408,484,460,432,DalianOpen2024,333,f,Yiheng Wang (王艺衡),2019WANY36,a,NULL,NULL,China
1,409,470,451,480,480,628,409,XuzhouAutumn2024,333,1,Yiheng Wang (王艺衡),2019WANY36,a,NULL,NULL,China
1,430,498,616,488,497,508,430,XuzhouAutumn2024,333,2,Yiheng Wang (王艺衡),2019WANY36,a,NULL,NULL,China
1,396,464,641,460,473,458,396,XuzhouAutumn2024,333,3,Yiheng Wang (王艺衡),2019WANY36,a,NULL,NULL,China
1,371,409,383,516,455,371,388,XuzhouAutumn2024,333,f,Yiheng Wang (王艺衡),2019WANY36,a,NULL,WR,China
2,490,569,525,671,490,617,564,GuilinOpen2024,333,1,Yiheng Wang (王艺衡),2019WANY36,a,NULL,NULL,China
2,327,491,578,657,433,327,461,GuilinOpen2024,333,2,Yiheng Wang (王艺衡),2019WANY36,a,AsR,NULL,China
1,428,450,450,436,428,464,1105,GuilinOpen2024,333,f,Yiheng Wang (王艺衡),2019WANY36,a,NULL,NULL,China
1,432,459,666,432,464,482,432,HarbinOpen2024,333,1,Yiheng Wang (王艺衡),2019WANY36,a,NULL,NULL,China
1,437,477,474,464,492,671,437,HarbinOpen2024,333,2,Yiheng Wang (王艺衡),2019WANY36,a,NULL,NULL,China
1,378,497,501,553,437,378,698,HarbinOpen2024,333,f,Yiheng Wang (王艺衡),2019WANY36,a,NULL,NULL,China
1,369,409,396,429,448,369,401,RubiksWCAAsianChampionship2024,333,1,Yiheng Wang (王艺衡),2019WANY36,a,NULL,WR,China
3,468,520,564,502,493,468,593,RubiksWCAAsianChampionship2024,333,2,Yiheng Wang (王艺衡),2019WANY36,a,NULL,NULL,China
2,361,527,361,562,508,565,511,RubiksWCAAsianChampionship2024,333,3,Yiheng Wang (王艺衡),2019WANY36,a,NULL,NULL,China
1,415,442,432,481,468,426,415,RubiksWCAAsianChampionship2024,333,f,Yiheng Wang (王艺衡),2019WANY36,a,NULL,NULL,China
1,454,525,461,592,454,521,648,CoolDownSingapore2024,333,d,Yiheng Wang (王艺衡),2019WANY36,a,NULL,NULL,China
1,428,465,428,520,439,489,466,CoolDownSingapore2024,333,2,Yiheng Wang (王艺衡),2019WANY36,a,NULL,NULL,China
1,390,522,546,524,497,548,390,CoolDownSingapore2024,333,3,Yiheng Wang (王艺衡),2019WANY36,a,NULL,NULL,China
1,406,426,428,415,406,434,549,CoolDownSingapore2024,333,f,Yiheng Wang (王艺衡),2019WANY36,a,NULL,NULL,China
1,375,421,428,463,375,448,386,ZhengzhouOpen2024,333,1,Yiheng Wang (王艺衡),2019WANY36,a,NULL,NULL,China
1,378,466,477,465,589,457,378,ZhengzhouOpen2024,333,2,Yiheng Wang (王艺衡),2019WANY36,a,NULL,NULL,China
1,384,405,384,425,414,413,387,ZhengzhouOpen2024,333,f,Yiheng Wang (王艺衡),2019WANY36,a,NULL,WR,China
1,365,478,365,444,495,521,496,HangzhouOpen2024,333,1,Yiheng Wang (王艺衡),2019WANY36,a,NULL,NULL,China
2,403,473,592,475,451,403,493,HangzhouOpen2024,333,2,Yiheng Wang (王艺衡),2019WANY36,a,NULL,NULL,China
1,392,454,492,413,457,557,392,HangzhouOpen2024,333,f,Yiheng Wang (王艺衡),2019WANY36,a,NULL,NULL,China
2,416,481,573,416,417,452,575,YanchengOpen2024,333,1,Yiheng Wang (王艺衡),2019WANY36,a,NULL,NULL,China
2,411,482,510,601,487,411,449,YanchengOpen2024,333,2,Yiheng Wang (王艺衡),2019WANY36,a,NULL,NULL,China
1,383,485,421,651,516,383,519,YanchengOpen2024,333,f,Yiheng Wang (王艺衡),2019WANY36,a,NULL,NULL,China
2,481,549,485,551,612,481,612,BeijingWinter2025,333,1,Yiheng Wang (王艺衡),2019WANY36,a,NULL,NULL,China
2,497,560,582,688,562,497,536,BeijingWinter2025,333,2,Yiheng Wang (王艺衡),2019WANY36,a,NULL,NULL,China
1,422,491,537,531,445,496,422,BeijingWinter2025,333,f,Yiheng Wang (王艺衡),2019WANY36,a,NULL,NULL,China
1,441,494,481,488,513,518,441,ChongqingNewYear2025,333,1,Yiheng Wang (王艺衡),2019WANY36,a,NULL,NULL,China
1,344,446,552,448,404,344,485,ChongqingNewYear2025,333,2,Yiheng Wang (王艺衡),2019WANY36,a,NULL,NULL,China
1,398,415,422,398,419,403,567,ChongqingNewYear2025,333,f,Yiheng Wang (王艺衡),2019WANY36,a,NULL,NULL,China
1,395,463,395,407,571,470,512,BangkokCubeFestival2025,333,1,Yiheng Wang (王艺衡),2019WANY36,a,NULL,NULL,China
1,434,503,434,590,597,458,460,BangkokCubeFestival2025,333,2,Yiheng Wang (王艺衡),2019WANY36,a,NULL,NULL,China
1,382,561,442,382,743,541,699,BangkokCubeFestival2025,333,f,Yiheng Wang (王艺衡),2019WANY36,a,NULL,NULL,China
7,456,604,456,611,744,458,758,ChengduSpringOpen2025,333,1,Yiheng Wang (王艺衡),2019WANY36,a,NULL,NULL,China
1,396,458,396,503,521,463,407,ChengduSpringOpen2025,333,2,Yiheng Wang (王艺衡),2019WANY36,a,NULL,NULL,China
1,406,469,454,411,601,542,406,ChengduSpringOpen2025,333,3,Yiheng Wang (王艺衡),2019WANY36,a,NULL,NULL,China
1,359,430,359,412,434,467,443,ChengduSpringOpen2025,333,f,Yiheng Wang (王艺衡),2019WANY36,a,NULL,NULL,China
1,386,472,606,493,466,386,458,XMUMCubeOpen2025,333,1,Yiheng Wang (王艺衡),2019WANY36,a,NULL,NULL,China
1,308,500,441,724,308,667,393,XMUMCubeOpen2025,333,2,Yiheng Wang (王艺衡),2019WANY36,a,WR,NULL,China
1,362,421,458,388,362,417,508,XMUMCubeOpen2025,333,f,Yiheng Wang (王艺衡),2019WANY36,a,NULL,NULL,China
1,378,492,428,542,537,378,511,PBsinPalisadesWinter2025,333,1,Yiheng Wang (王艺衡),2019WANY36,a,NULL,NULL,China
2,382,524,470,382,620,572,531,PBsinPalisadesWinter2025,333,2,Yiheng Wang (王艺衡),2019WANY36,a,NULL,NULL,China
2,486,517,544,493,513,486,600,PBsinPalisadesWinter2025,333,3,Yiheng Wang (王艺衡),2019WANY36,a,NULL,NULL,China
1,410,470,540,421,571,448,410,PBsinPalisadesWinter2025,333,f,Yiheng Wang (王艺衡),2019WANY36,a,NULL,NULL,China
1,421,531,640,421,519,567,508,LibertyScienceCenterOpenB2025,333,1,Yiheng Wang (王艺衡),2019WANY36,a,NULL,NULL,China
1,426,462,426,502,438,446,639,LibertyScienceCenterOpenB2025,333,2,Yiheng Wang (王艺衡),2019WANY36,a,NULL,NULL,China
1,383,436,432,484,383,391,528,LibertyScienceCenterOpenB2025,333,f,Yiheng Wang (王艺衡),2019WANY36,a,NULL,NULL,China
1,365,426,365,419,-1,456,402,XuzhouNewcomers2025,333,1,Yiheng Wang (王艺衡),2019WANY36,a,NULL,NULL,China
1,362,479,404,362,561,542,491,XuzhouNewcomers2025,333,2,Yiheng Wang (王艺衡),2019WANY36,a,NULL,NULL,China
1,400,447,400,506,453,460,427,XuzhouNewcomers2025,333,f,Yiheng Wang (王艺衡),2019WANY36,a,NULL,NULL,China
1,362,447,400,362,461,479,599,XianCherryBlossom2025,333,1,Yiheng Wang (王艺衡),2019WANY36,a,NULL,NULL,China
1,395,424,398,419,455,395,693,XianCherryBlossom2025,333,2,Yiheng Wang (王艺衡),2019WANY36,a,NULL,NULL,China
1,367,450,512,637,403,435,367,XianCherryBlossom2025,333,3,Yiheng Wang (王艺衡),2019WANY36,a,NULL,NULL,China
1,332,403,357,381,728,332,470,XianCherryBlossom2025,333,f,Yiheng Wang (王艺衡),2019WANY36,a,NULL,WR,China
2,391,522,564,555,-1,391,446,ShenyangSpring2025,333,1,Yiheng Wang (王艺衡),2019WANY36,a,NULL,NULL,China
2,460,495,460,519,-1,471,494,ShenyangSpring2025,333,2,Yiheng Wang (王艺衡),2019WANY36,a,NULL,NULL,China
1,406,421,434,406,413,416,475,ShenyangSpring2025,333,f,Yiheng Wang (王艺衡),2019WANY36,a,NULL,NULL,China
2,418,497,617,418,474,496,521,NanchangSpring2025,333,1,Yiheng Wang (王艺衡),2019WANY36,a,NULL,NULL,China
1,371,454,479,452,455,371,455,NanchangSpring2025,333,2,Yiheng Wang (王艺衡),2019WANY36,a,NULL,NULL,China
2,400,513,669,546,486,508,400,NanchangSpring2025,333,f,Yiheng Wang (王艺衡),2019WANY36,a,NULL,NULL,China
1,367,421,412,-1,404,367,446,BeijingSummer2025,333,1,Yiheng Wang (王艺衡),2019WANY36,a,NULL,NULL,China
1,415,421,417,416,429,482,415,BeijingSummer2025,333,2,Yiheng Wang (王艺衡),2019WANY36,a,NULL,NULL,China
2,418,457,418,497,439,736,434,BeijingSummer2025,333,3,Yiheng Wang (王艺衡),2019WANY36,a,NULL,NULL,China
1,345,442,345,629,459,495,373,BeijingSummer2025,333,f,Yiheng Wang (王艺衡),2019WANY36,a,NULL,NULL,China
1,379,450,379,472,450,428,474,LishuiOpen2025,333,1,Yiheng Wang (王艺衡),2019WANY36,a,NULL,NULL,China
1,370,391,417,374,370,381,493,LishuiOpen2025,333,2,Yiheng Wang (王艺衡),2019WANY36,a,NULL,WR,China
2,343,501,717,343,533,534,437,LishuiOpen2025,333,f,Yiheng Wang (王艺衡),2019WANY36,a,NULL,NULL,China
1,391,434,452,463,428,391,423,gatewayKLIA2CubeOpen2025,333,1,Yiheng Wang (王艺衡),2019WANY36,a,NULL,NULL,China
1,415,462,456,415,437,558,493,gatewayKLIA2CubeOpen2025,333,2,Yiheng Wang (王艺衡),2019WANY36,a,NULL,NULL,China
1,370,443,414,583,370,406,508,gatewayKLIA2CubeOpen2025,333,3,Yiheng Wang (王艺衡),2019WANY36,a,NULL,NULL,China
1,336,437,435,471,336,428,448,gatewayKLIA2CubeOpen2025,333,f,Yiheng Wang (王艺衡),2019WANY36,a,NULL,NULL,China
1,372,431,443,459,391,372,662,YanchengOpen2025,333,1,Yiheng Wang (王艺衡),2019WANY36,a,NULL,NULL,China
1,404,418,459,415,404,423,416,YanchengOpen2025,333,2,Yiheng Wang (王艺衡),2019WANY36,a,NULL,NULL,China
2,364,470,475,555,394,540,364,YanchengOpen2025,333,f,Yiheng Wang (王艺衡),2019WANY36,a,NULL,NULL,China
1,428,449,445,687,458,428,444,ZhuhaiOpen2025,333,1,Yiheng Wang (王艺衡),2019WANY36,a,NULL,NULL,China
1,392,444,392,446,413,493,473,ZhuhaiOpen2025,333,2,Yiheng Wang (王艺衡),2019WANY36,a,NULL,NULL,China
2,415,525,415,678,616,480,480,ZhuhaiOpen2025,333,f,Yiheng Wang (王艺衡),2019WANY36,a,NULL,NULL,China
1,348,398,508,394,445,356,348,TwistFriesJohorBahru2025,333,1,Yiheng Wang (王艺衡),2019WANY36,a,NULL,NULL,China
1,362,440,415,700,416,488,362,TwistFriesJohorBahru2025,333,2,Yiheng Wang (王艺衡),2019WANY36,a,NULL,NULL,China
1,389,409,476,395,389,389,442,TwistFriesJohorBahru2025,333,f,Yiheng Wang (王艺衡),2019WANY36,a,NULL,NULL,China
1,362,431,409,441,444,465,362,SingaporeMofunlandCruise2025,333,d,Yiheng Wang (王艺衡),2019WANY36,a,NULL,NULL,China
1,388,431,432,396,740,466,388,SingaporeMofunlandCruise2025,333,2,Yiheng Wang (王艺衡),2019WANY36,a,NULL,NULL,China
1,306,519,618,620,572,306,368,SingaporeMofunlandCruise2025,333,f,Yiheng Wang (王艺衡),2019WANY36,a,NULL,NULL,China
2,421,505,422,421,580,516,576,WC2025,333,1,Yiheng Wang (王艺衡),2019WANY36,a,NULL,NULL,China
1,346,480,346,469,556,559,414,WC2025,333,2,Yiheng Wang (王艺衡),2019WANY36,a,NULL,NULL,China
1,362,458,417,431,362,538,526,WC2025,333,3,Yiheng Wang (王艺衡),2019WANY36,a,NULL,NULL,China
1,380,423,545,380,431,394,443,WC2025,333,f,Yiheng Wang (王艺衡),2019WANY36,a,NULL,NULL,China
1,406,485,504,464,488,406,678,HawaiianIslandTourKona2025,333,1,Yiheng Wang (王艺衡),2019WANY36,a,NULL,NULL,China
1,306,497,476,306,547,517,499,HawaiianIslandTourKona2025,333,2,Yiheng Wang (王艺衡),2019WANY36,a,NULL,NULL,China
1,412,439,557,476,419,421,412,HawaiianIslandTourKona2025,333,f,Yiheng Wang (王艺衡),2019WANY36,a,NULL,NULL,China
1,353,442,353,468,449,409,501,HawaiianIslandTourWaimea2025,333,1,Yiheng Wang (王艺衡),2019WANY36,a,NULL,NULL,China
1,324,461,415,324,589,464,505,HawaiianIslandTourWaimea2025,333,2,Yiheng Wang (王艺衡),2019WANY36,a,NULL,NULL,China
1,409,433,420,485,409,453,427,HawaiianIslandTourWaimea2025,333,f,Yiheng Wang (王艺衡),2019WANY36,a,NULL,NULL,China
1,419,452,476,607,446,419,434,HawaiianIslandTourHilo2025,333,1,Yiheng Wang (王艺衡),2019WANY36,a,NULL,NULL,China
1,309,425,435,462,425,309,414,HawaiianIslandTourHilo2025,333,2,Yiheng Wang (王艺衡),2019WANY36,a,NULL,NULL,China
1,403,474,416,529,477,581,403,HawaiianIslandTourHilo2025,333,f,Yiheng Wang (王艺衡),2019WANY36,a,NULL,NULL,China
1,413,457,477,464,431,477,413,HawaiianIslandTourKahala2025,333,1,Yiheng Wang (王艺衡),2019WANY36,a,NULL,NULL,China
1,411,494,411,528,503,450,687,HawaiianIslandTourKahala2025,333,f,Yiheng Wang (王艺衡),2019WANY36,a,NULL,NULL,China
1,415,502,415,561,461,485,583,HawaiianIslandTourHonolulu2025,333,1,Yiheng Wang (王艺衡),2019WANY36,a,NULL,NULL,China
1,411,459,428,504,411,589,445,HawaiianIslandTourHonolulu2025,333,2,Yiheng Wang (王艺衡),2019WANY36,a,NULL,NULL,China
1,443,454,458,443,463,447,457,HawaiianIslandTourHonolulu2025,333,f,Yiheng Wang (王艺衡),2019WANY36,a,NULL,NULL,China
1,371,439,-1,451,384,482,371,HarbinOpen2025,333,1,Yiheng Wang (王艺衡),2019WANY36,a,NULL,NULL,China
1,411,459,411,437,428,513,578,HarbinOpen2025,333,2,Yiheng Wang (王艺衡),2019WANY36,a,NULL,NULL,China
1,440,459,451,-1,440,483,442,HarbinOpen2025,333,f,Yiheng Wang (王艺衡),2019WANY36,a,NULL,NULL,China
1,407,423,438,407,417,414,442,TaizhouOpen2025,333,1,Yiheng Wang (王艺衡),2019WANY36,a,NULL,NULL,China
1,335,390,383,425,362,335,497,TaizhouOpen2025,333,2,Yiheng Wang (王艺衡),2019WANY36,a,NULL,WR,China
1,401,436,450,509,453,401,404,TaizhouOpen2025,333,f,Yiheng Wang (王艺衡),2019WANY36,a,NULL,NULL,China
1,391,470,448,413,549,637,391,ZiboOpen2025,333,1,Yiheng Wang (王艺衡),2019WANY36,a,NULL,NULL,China
2,467,483,659,488,489,467,472,ZiboOpen2025,333,2,Yiheng Wang (王艺衡),2019WANY36,a,NULL,NULL,China
2,418,468,564,463,460,418,480,ZiboOpen2025,333,f,Yiheng Wang (王艺衡),2019WANY36,a,NULL,NULL,China
1,377,411,406,425,377,401,440,ZhengzhouSummerIII2025,333,f,Yiheng Wang (王艺衡),2019WANY36,a,NULL,NULL,China